Time (s),ForceReading
0.0,0.0
0.001,0.0
0.002,0.0
0.003,0.0
0.004,0.0
0.005,0.0
0.006,0.0
0.007,0.0
0.008,0.0
0.009000000000000001,0.0
0.01,0.0
0.011,0.0
0.012,0.0
0.013000000000000001,0.0
0.014,0.0
0.015,0.0
0.016,0.0
0.017,0.0
0.018000000000000002,0.0
0.019,0.0
0.02,0.0
0.021,0.0
0.022,0.0
0.023,0.0
0.024,0.0
0.025,0.0
0.026000000000000002,0.0
0.027,0.0
0.028,0.0
0.029,0.0
0.03,0.0
0.031,0.0
0.032,0.0
0.033,0.0
0.034,0.0
0.035,0.0
0.036000000000000004,0.0
0.037,0.0
0.038,0.0
0.039,0.0
0.04,0.0
0.041,0.0
0.042,0.0
0.043000000000000003,0.0
0.044,0.0
0.045,0.0
0.046,0.0
0.047,0.0
0.048,0.0
0.049,0.0
0.05,0.0
0.051000000000000004,0.0
0.052000000000000005,0.0
0.053,0.0
0.054,0.0
0.055,0.0
0.056,0.0
0.057,0.0
0.058,0.0
0.059000000000000004,0.0
0.06,0.0
0.061,0.0
0.062,0.0
0.063,0.0
0.064,0.0
0.065,0.0
0.066,0.0
0.067,0.0
0.068,0.0
0.069,0.0
0.07,0.0
0.07100000000000001,0.0
0.07200000000000001,0.0
0.073,0.0
0.074,0.0
0.075,0.0
0.076,0.0
0.077,0.0
0.078,0.0
0.079,0.0
0.08,0.0
0.081,0.0
0.082,0.0
0.083,0.0
0.084,0.0
0.085,0.0
0.08600000000000001,0.0
0.08700000000000001,0.0
0.088,0.0
0.089,0.0
0.09,0.0
0.091,0.0
0.092,0.0
0.093,0.0
0.094,0.0
0.095,0.0
0.096,0.0
0.097,0.0
0.098,0.0
0.099,0.0
0.1,0.0
0.101,0.0
0.10200000000000001,0.0
0.10300000000000001,0.0
0.10400000000000001,0.0
0.105,0.0
0.106,0.0
0.107,0.0
0.108,0.0
0.109,0.0
0.11,0.0
0.111,0.0
0.112,0.0
0.113,0.0
0.114,0.0
0.115,0.0
0.116,0.0
0.117,0.0
0.11800000000000001,0.0
0.11900000000000001,0.0
0.12,0.0
0.121,0.0
0.122,0.0
0.123,0.0
0.124,0.0
0.125,0.0
0.126,0.0
0.127,0.0
0.128,0.0
0.129,0.0
0.13,0.0
0.131,0.0
0.132,0.0
0.133,0.0
0.134,0.0
0.135,0.0
0.136,0.0
0.137,0.0
0.138,0.0
0.139,0.0
0.14,0.0
0.14100000000000001,0.0
0.14200000000000002,0.0
0.14300000000000002,0.0
0.14400000000000002,0.0
0.145,0.0
0.146,0.0
0.147,0.0
0.148,0.0
0.149,0.0
0.15,0.0
0.151,0.0
0.152,0.0
0.153,0.0
0.154,0.0
0.155,0.0
0.156,0.0
0.157,0.0
0.158,0.0
0.159,0.0
0.16,0.0
0.161,0.0
0.162,0.0
0.163,0.0
0.164,0.0
0.165,0.0
0.166,0.0
0.167,0.0
0.168,0.0
0.169,0.0
0.17,0.0
0.171,0.0
0.17200000000000001,0.0
0.17300000000000001,0.0
0.17400000000000002,0.0
0.17500000000000002,0.0
0.176,0.0
0.177,0.0
0.178,0.0
0.179,0.0
0.18,0.0
0.181,0.0
0.182,0.0
0.183,0.0
0.184,0.0
0.185,0.0
0.186,0.0
0.187,0.0
0.188,0.0
0.189,0.0
0.19,0.0
0.191,0.0
0.192,0.0
0.193,0.0
0.194,0.0
0.195,0.0
0.196,0.0
0.197,0.0
0.198,0.0
0.199,0.0
0.2,0.0
0.201,0.0
0.202,0.0
0.203,0.0
0.20400000000000001,0.0
0.20500000000000002,0.0
0.20600000000000002,0.0
0.20700000000000002,0.0
0.20800000000000002,0.0
0.209,0.0
0.21,0.0
0.211,0.0
0.212,0.0
0.213,0.0
0.214,0.0
0.215,0.0
0.216,0.0
0.217,0.0
0.218,0.0
0.219,0.0
0.22,0.0
0.221,0.0
0.222,0.0
0.223,0.0
0.224,0.0
0.225,0.0
0.226,0.0
0.227,0.0
0.228,0.0
0.229,0.0
0.23,0.0
0.231,0.0
0.232,0.0
0.233,0.0
0.234,0.0
0.23500000000000001,0.0
0.23600000000000002,0.0
0.23700000000000002,0.0
0.23800000000000002,0.0
0.23900000000000002,0.0
0.24,0.0
0.241,0.0
0.242,0.0
0.243,0.0
0.244,0.0
0.245,0.0
0.246,0.0
0.247,0.0
0.248,0.0
0.249,0.0
0.25,0.0
0.251,0.0
0.252,0.0
0.253,0.0
0.254,0.0
0.255,0.0
0.256,0.0
0.257,0.0
0.258,0.0
0.259,0.0
0.26,0.0
0.261,0.0
0.262,0.0
0.263,0.0
0.264,0.0
0.265,0.0
0.266,0.0
0.267,0.0
0.268,0.0
0.269,0.0
0.27,0.0
0.271,0.0
0.272,0.0
0.273,0.0
0.274,0.0
0.275,0.0
0.276,0.0
0.277,0.0
0.278,0.0
0.279,0.0
0.28,0.0
0.281,0.0
0.28200000000000003,0.0
0.28300000000000003,0.0
0.28400000000000003,0.0
0.28500000000000003,0.0
0.28600000000000003,0.0
0.28700000000000003,0.0
0.28800000000000003,0.0
0.289,0.0
0.29,0.0
0.291,0.0
0.292,0.0
0.293,0.0
0.294,0.0
0.295,0.0
0.296,0.0
0.297,0.0
0.298,0.0
0.299,0.0
0.3,0.0
0.301,0.0
0.302,0.0
0.303,0.0
0.304,0.0
0.305,0.0
0.306,0.0
0.307,0.0
0.308,0.0
0.309,0.0
0.31,0.0
0.311,0.0
0.312,0.0
0.313,0.0
0.314,0.0
0.315,0.0
0.316,0.0
0.317,0.0
0.318,0.0
0.319,0.0
0.32,0.0
0.321,0.0
0.322,0.0
0.323,0.0
0.324,0.0
0.325,0.0
0.326,0.0
0.327,0.0
0.328,0.0
0.329,0.0
0.33,0.0
0.331,0.0
0.332,0.0
0.333,0.0
0.334,0.0
0.335,0.0
0.336,0.0
0.337,0.0
0.338,0.0
0.339,0.0
0.34,0.0
0.341,0.0
0.342,0.0
0.343,0.0
0.34400000000000003,0.0
0.34500000000000003,0.0
0.34600000000000003,0.0
0.34700000000000003,0.0
0.34800000000000003,0.0
0.34900000000000003,0.0
0.35000000000000003,0.0
0.35100000000000003,0.0
0.352,0.0
0.353,0.0
0.354,0.0
0.355,0.0
0.356,0.0
0.357,0.0
0.358,0.0
0.359,0.0
0.36,0.0
0.361,0.0
0.362,0.0
0.363,0.0
0.364,0.0
0.365,0.0
0.366,0.0
0.367,0.0
0.368,0.0
0.369,0.0
0.37,0.0
0.371,0.0
0.372,0.0
0.373,0.0
0.374,0.0
0.375,0.0
0.376,0.0
0.377,0.0
0.378,0.0
0.379,0.0
0.38,0.0
0.381,0.0
0.382,0.0
0.383,0.0
0.384,0.0
0.385,0.0
0.386,0.0
0.387,0.0
0.388,0.0
0.389,0.0
0.39,0.0
0.391,0.0
0.392,0.0
0.393,0.0
0.394,0.0
0.395,0.0
0.396,0.0
0.397,0.0
0.398,0.0
0.399,0.0
0.4,0.0
0.401,0.0
0.402,0.0
0.403,0.0
0.404,0.0
0.405,0.0
0.406,0.0
0.40700000000000003,0.0
0.40800000000000003,0.0
0.40900000000000003,0.0
0.41000000000000003,0.0
0.41100000000000003,0.0
0.41200000000000003,0.0
0.41300000000000003,0.0
0.41400000000000003,0.0
0.41500000000000004,0.0
0.41600000000000004,0.0
0.417,0.0
0.418,0.0
0.419,0.0
0.42,0.0
0.421,0.0
0.422,0.0
0.423,0.0
0.424,0.0
0.425,0.0
0.426,0.0
0.427,0.0
0.428,0.0
0.429,0.0
0.43,0.0
0.431,0.0
0.432,0.0
0.433,0.0
0.434,0.0
0.435,0.0
0.436,0.0
0.437,0.0
0.438,0.0
0.439,0.0
0.44,0.0
0.441,0.0
0.442,0.0
0.443,0.0
0.444,0.0
0.445,0.0
0.446,0.0
0.447,0.0
0.448,0.0
0.449,0.0
0.45,0.0
0.451,0.0
0.452,0.0
0.453,0.0
0.454,0.0
0.455,0.0
0.456,0.0
0.457,0.0
0.458,0.0
0.459,0.0
0.46,0.0
0.461,0.0
0.462,0.0
0.463,0.0
0.464,0.0
0.465,0.0
0.466,0.0
0.467,0.0
0.468,0.0
0.46900000000000003,0.0
0.47000000000000003,0.0
0.47100000000000003,0.0
0.47200000000000003,0.0
0.47300000000000003,0.0
0.47400000000000003,0.0
0.47500000000000003,0.0
0.47600000000000003,0.0
0.47700000000000004,0.0
0.47800000000000004,0.0
0.47900000000000004,0.0
0.48,0.0
0.481,0.0
0.482,0.0
0.483,0.0
0.484,0.0
0.485,0.0
0.486,0.0
0.487,0.0
0.488,0.0
0.489,0.0
0.49,0.0
0.491,0.0
0.492,0.0
0.493,0.0
0.494,0.0
0.495,0.0
0.496,0.0
0.497,0.0
0.498,0.0
0.499,0.0
0.5,0.0
0.501,0.0
0.502,0.0
0.503,0.0
0.504,0.0
0.505,0.0
0.506,0.0
0.507,0.0
0.508,0.0
0.509,0.0
0.51,0.0
0.511,0.0
0.512,0.0
0.513,0.0
0.514,0.0
0.515,0.0
0.516,0.0
0.517,0.0
0.518,0.0
0.519,0.0
0.52,0.0
0.521,0.0
0.522,0.0
0.523,0.0
0.524,0.0
0.525,0.0
0.526,0.0
0.527,0.0
0.528,0.0
0.529,0.0
0.53,0.0
0.531,0.0
0.532,0.0
0.533,0.0
0.534,0.0
0.535,0.0
0.536,0.0
0.537,0.0
0.538,0.0
0.539,0.0
0.54,0.0
0.541,0.0
0.542,0.0
0.543,0.0
0.544,0.0
0.545,0.0
0.546,0.0
0.547,0.0
0.548,0.0
0.549,0.0
0.55,0.0
0.551,0.0
0.552,0.0
0.553,0.0
0.554,0.0
0.555,0.0
0.556,0.0
0.557,0.0
0.558,0.0
0.559,0.0
0.56,0.0
0.561,0.0
0.562,0.0
0.5630000000000001,0.0
0.5640000000000001,0.0
0.5650000000000001,0.0
0.5660000000000001,0.0
0.5670000000000001,0.0
0.5680000000000001,0.0
0.5690000000000001,0.0
0.5700000000000001,0.0
0.5710000000000001,0.0
0.5720000000000001,0.0
0.5730000000000001,0.0
0.5740000000000001,0.0
0.5750000000000001,0.0
0.5760000000000001,0.0
0.577,0.0
0.578,0.0
0.579,0.0
0.58,0.0
0.581,0.0
0.582,0.0
0.583,0.0
0.584,0.0
0.585,0.0
0.586,0.0
0.587,0.0
0.588,0.0
0.589,0.0
0.59,0.0
0.591,0.0
0.592,0.0
0.593,0.0
0.594,0.0
0.595,0.0
0.596,0.0
0.597,0.0
0.598,0.0
0.599,0.0
0.6,0.0
0.601,0.0
0.602,0.0
0.603,0.0
0.604,0.0
0.605,0.0
0.606,0.0
0.607,0.0
0.608,0.0
0.609,0.0
0.61,0.0
0.611,0.0
0.612,0.0
0.613,0.0
0.614,0.0
0.615,0.0
0.616,0.0
0.617,0.0
0.618,0.0
0.619,0.0
0.62,0.0
0.621,0.0
0.622,0.0
0.623,0.0
0.624,0.0
0.625,0.0
0.626,0.0
0.627,0.0
0.628,0.0
0.629,0.0
0.63,0.0
0.631,0.0
0.632,0.0
0.633,0.0
0.634,0.0
0.635,0.0
0.636,0.0
0.637,0.0
0.638,0.0
0.639,0.0
0.64,0.0
0.641,0.0
0.642,0.0
0.643,0.0
0.644,0.0
0.645,0.0
0.646,0.0
0.647,0.0
0.648,0.0
0.649,0.0
0.65,0.0
0.651,0.0
0.652,0.0
0.653,0.0
0.654,0.0
0.655,0.0
0.656,0.0
0.657,0.0
0.658,0.0
0.659,0.0
0.66,0.0
0.661,0.0
0.662,0.0
0.663,0.0
0.664,0.0
0.665,0.0
0.666,0.0
0.667,0.0
0.668,0.0
0.669,0.0
0.67,0.0
0.671,0.0
0.672,0.0
0.673,0.0
0.674,0.0
0.675,0.0
0.676,0.0
0.677,0.0
0.678,0.0
0.679,0.0
0.68,0.0
0.681,0.0
0.682,0.0
0.683,0.0
0.684,0.0
0.685,0.0
0.686,0.0
0.687,0.0
0.6880000000000001,0.0
0.6890000000000001,0.0
0.6900000000000001,0.0
0.6910000000000001,0.0
0.6920000000000001,0.0
0.6930000000000001,0.0
0.6940000000000001,0.0
0.6950000000000001,0.0
0.6960000000000001,0.0
0.6970000000000001,0.0
0.6980000000000001,0.0
0.6990000000000001,0.0
0.7000000000000001,0.0
0.7010000000000001,0.0
0.7020000000000001,0.0
0.7030000000000001,0.0
0.704,0.0
0.705,0.0
0.706,0.0
0.707,0.0
0.708,0.0
0.709,0.0
0.71,0.0
0.711,0.0
0.712,0.0
0.713,0.0
0.714,0.0
0.715,0.0
0.716,0.0
0.717,0.0
0.718,0.0
0.719,0.0
0.72,0.0
0.721,0.0
0.722,0.0
0.723,0.0
0.724,0.0
0.725,0.0
0.726,0.0
0.727,0.0
0.728,0.0
0.729,0.0
0.73,0.0
0.731,0.0
0.732,0.0
0.733,0.0
0.734,0.0
0.735,0.0
0.736,0.0
0.737,0.0
0.738,0.0
0.739,0.0
0.74,0.0
0.741,0.0
0.742,0.0
0.743,0.0
0.744,0.0
0.745,0.0
0.746,0.0
0.747,0.0
0.748,0.0
0.749,0.0
0.75,0.0
0.751,0.0
0.752,0.0
0.753,0.0
0.754,0.0
0.755,0.0
0.756,0.0
0.757,0.0
0.758,0.0
0.759,0.0
0.76,0.0
0.761,0.0
0.762,0.0
0.763,0.0
0.764,0.0
0.765,0.0
0.766,0.0
0.767,0.0
0.768,0.0
0.769,0.0
0.77,0.0
0.771,0.0
0.772,0.0
0.773,0.0
0.774,0.0
0.775,0.0
0.776,0.0
0.777,0.0
0.778,0.0
0.779,0.0
0.78,0.0
0.781,0.0
0.782,0.0
0.783,0.0
0.784,0.0
0.785,0.0
0.786,0.0
0.787,0.0
0.788,0.0
0.789,0.0
0.79,0.0
0.791,0.0
0.792,0.0
0.793,0.0
0.794,0.0
0.795,0.0
0.796,0.0
0.797,0.0
0.798,0.0
0.799,0.0
0.8,0.0
0.801,0.0
0.802,0.0
0.803,0.0
0.804,0.0
0.805,0.0
0.806,0.0
0.807,0.0
0.808,0.0
0.809,0.0
0.81,0.0
0.811,0.0
0.812,0.0
0.8130000000000001,0.0
0.8140000000000001,0.0
0.8150000000000001,0.0
0.8160000000000001,0.0
0.8170000000000001,0.0
0.8180000000000001,0.0
0.8190000000000001,0.0
0.8200000000000001,0.0
0.8210000000000001,0.0
0.8220000000000001,0.0
0.8230000000000001,0.0
0.8240000000000001,0.0
0.8250000000000001,0.0
0.8260000000000001,0.0
0.8270000000000001,0.0
0.8280000000000001,0.0
0.8290000000000001,0.0
0.8300000000000001,0.0
0.8310000000000001,0.0
0.8320000000000001,0.0
0.833,0.0
0.834,0.0
0.835,0.0
0.836,0.0
0.837,0.0
0.838,0.0
0.839,0.0
0.84,0.0
0.841,0.0
0.842,0.0
0.843,0.0
0.844,0.0
0.845,0.0
0.846,0.0
0.847,0.0
0.848,0.0
0.849,0.0
0.85,0.0
0.851,0.0
0.852,0.0
0.853,0.0
0.854,0.0
0.855,0.0
0.856,0.0
0.857,0.0
0.858,0.0
0.859,0.0
0.86,0.0
0.861,0.0
0.862,0.0
0.863,0.0
0.864,0.0
0.865,0.0
0.866,0.0
0.867,0.0
0.868,0.0
0.869,0.0
0.87,0.0
0.871,0.0
0.872,0.0
0.873,0.0
0.874,0.0
0.875,0.0
0.876,0.0
0.877,0.0
0.878,0.0
0.879,0.0
0.88,0.0
0.881,0.0
0.882,0.0
0.883,0.0
0.884,0.0
0.885,0.0
0.886,0.0
0.887,0.0
0.888,0.0
0.889,0.0
0.89,0.0
0.891,0.0
0.892,0.0
0.893,0.0
0.894,0.0
0.895,0.0
0.896,0.0
0.897,0.0
0.898,0.0
0.899,0.0
0.9,0.0
0.901,0.0
0.902,0.0
0.903,0.0
0.904,0.0
0.905,0.0
0.906,0.0
0.907,0.0
0.908,0.0
0.909,0.0
0.91,0.0
0.911,0.0
0.912,0.0
0.913,0.0
0.914,0.0
0.915,0.0
0.916,0.0
0.917,0.0
0.918,0.0
0.919,0.0
0.92,0.0
0.921,0.0
0.922,0.0
0.923,0.0
0.924,0.0
0.925,0.0
0.926,0.0
0.927,0.0
0.928,0.0
0.929,0.0
0.93,0.0
0.931,0.0
0.932,0.0
0.933,0.0
0.934,0.0
0.935,0.0
0.936,0.0
0.937,0.0
0.9380000000000001,0.0
0.9390000000000001,0.0
0.9400000000000001,0.0
0.9410000000000001,0.0
0.9420000000000001,0.0
0.9430000000000001,0.0
0.9440000000000001,0.0
0.9450000000000001,0.0
0.9460000000000001,0.0
0.9470000000000001,0.0
0.9480000000000001,0.0
0.9490000000000001,0.0
0.9500000000000001,0.0
0.9510000000000001,0.0
0.9520000000000001,0.0
0.9530000000000001,0.0
0.9540000000000001,0.0
0.9550000000000001,0.0
0.9560000000000001,0.0
0.9570000000000001,0.0
0.9580000000000001,0.0
0.9590000000000001,0.0
0.96,0.0
0.961,0.0
0.962,0.0
0.963,0.0
0.964,0.0
0.965,0.0
0.966,0.0
0.967,0.0
0.968,0.0
0.969,0.0
0.97,0.0
0.971,0.0
0.972,0.0
0.973,0.0
0.974,0.0
0.975,0.0
0.976,0.0
0.977,0.0
0.978,0.0
0.979,0.0
0.98,0.0
0.981,0.0
0.982,0.0
0.983,0.0
0.984,0.0
0.985,0.0
0.986,0.0
0.987,0.0
0.988,0.0
0.989,0.0
0.99,0.0
0.991,0.0
0.992,0.0
0.993,0.0
0.994,0.0
0.995,0.0
0.996,0.0
0.997,0.0
0.998,0.0
0.999,0.0
1.0,0.0
1.0010000000000001,0.0
1.002,0.0
1.0030000000000001,0.0
1.004,0.0
1.0050000000000001,0.0
1.006,0.0
1.0070000000000001,0.0
1.008,0.0
1.0090000000000001,0.0
1.01,0.0
1.0110000000000001,0.0
1.012,0.0
1.0130000000000001,0.0
1.014,0.0
1.0150000000000001,0.0
1.016,0.0
1.0170000000000001,0.0
1.018,0.0
1.0190000000000001,0.0
1.02,0.0
1.0210000000000001,0.0
1.022,0.0
1.0230000000000001,0.0
1.024,0.0
1.025,0.0
1.026,0.0
1.027,0.0
1.028,0.0
1.029,0.0
1.03,0.0
1.031,0.0
1.032,0.0
1.033,0.0
1.034,0.0
1.035,0.0
1.036,0.0
1.037,0.0
1.038,0.0
1.039,0.0
1.04,0.0
1.041,0.0
1.042,0.0
1.043,0.0
1.044,0.0
1.045,0.0
1.046,0.0
1.047,0.0
1.048,0.0
1.049,0.0
1.05,0.0
1.051,0.0
1.052,0.0
1.053,0.0
1.054,0.0
1.055,0.0
1.056,0.0
1.057,0.0
1.058,0.0
1.059,0.0
1.06,0.0
1.061,0.0
1.062,0.0
1.063,0.0
1.064,0.0
1.065,0.0
1.066,0.0
1.067,0.0
1.068,0.0
1.069,0.0
1.07,0.0
1.071,0.0
1.072,0.0
1.073,0.0
1.074,0.0
1.075,0.0
1.076,0.0
1.077,0.0
1.078,0.0
1.079,0.0
1.08,0.0
1.081,0.0
1.082,0.0
1.083,0.0
1.084,0.0
1.085,0.0
1.086,0.0
1.087,0.0
1.088,0.0
1.089,0.0
1.09,0.0
1.091,0.0
1.092,0.0
1.093,0.0
1.094,0.0
1.095,0.0
1.096,0.0
1.097,0.0
1.098,0.0
1.099,0.0
1.1,0.0
1.101,0.0
1.102,0.0
1.103,0.0
1.104,0.0
1.105,0.0
1.106,0.0
1.107,0.0
1.108,0.0
1.109,0.0
1.11,0.0
1.111,0.0
1.112,0.0
1.113,0.0
1.114,0.0
1.115,0.0
1.116,0.0
1.117,0.0
1.118,0.0
1.119,0.0
1.12,0.0
1.121,0.0
1.122,0.0
1.123,0.0
1.124,0.0
1.125,0.0
1.1260000000000001,0.0
1.127,0.0
1.1280000000000001,0.0
1.129,0.0
1.1300000000000001,0.0
1.131,0.0
1.1320000000000001,0.0
1.133,0.0
1.1340000000000001,0.0
1.135,0.0
1.1360000000000001,0.0
1.137,0.0
1.1380000000000001,0.0
1.139,0.0
1.1400000000000001,0.0
1.141,0.0
1.1420000000000001,0.0
1.143,0.0
1.1440000000000001,0.0
1.145,0.0
1.1460000000000001,0.0
1.147,0.0
1.1480000000000001,0.0
1.149,0.0
1.1500000000000001,0.0
1.151,0.0
1.1520000000000001,0.0
1.153,0.0
1.154,0.0
1.155,0.0
1.156,0.0
1.157,0.0
1.158,0.0
1.159,0.0
1.16,0.0
1.161,0.0
1.162,0.0
1.163,0.0
1.164,0.0
1.165,0.0
1.166,0.0
1.167,0.0
1.168,0.0
1.169,0.0
1.17,0.0
1.171,0.0
1.172,0.0
1.173,0.0
1.174,0.0
1.175,0.0
1.176,0.0
1.177,0.0
1.178,0.0
1.179,0.0
1.18,0.0
1.181,0.0
1.182,0.0
1.183,0.0
1.184,0.0
1.185,0.0
1.186,0.0
1.187,0.0
1.188,0.0
1.189,0.0
1.19,0.0
1.191,0.0
1.192,0.0
1.193,0.0
1.194,0.0
1.195,0.0
1.196,0.0
1.197,0.0
1.198,0.0
1.199,0.0
1.2,0.0
1.201,0.0
1.202,0.0
1.203,0.0
1.204,0.0
1.205,0.0
1.206,0.0
1.207,0.0
1.208,0.0
1.209,0.0
1.21,0.0
1.211,0.0
1.212,0.0
1.213,0.0
1.214,0.0
1.215,0.0
1.216,0.0
1.217,0.0
1.218,0.0
1.219,0.0
1.22,0.0
1.221,0.0
1.222,0.0
1.223,0.0
1.224,0.0
1.225,0.0
1.226,0.0
1.227,0.0
1.228,0.0
1.229,0.0
1.23,0.0
1.231,0.0
1.232,0.0
1.233,0.0
1.234,0.0
1.235,0.0
1.236,0.0
1.237,0.0
1.238,0.0
1.239,0.0
1.24,0.0
1.241,0.0
1.242,0.0
1.243,0.0
1.244,0.0
1.245,0.0
1.246,0.0
1.247,0.0
1.248,0.0
1.249,0.0
1.25,0.0
1.2510000000000001,0.0
1.252,0.0
1.2530000000000001,0.0
1.254,0.0
1.2550000000000001,0.0
1.256,0.0
1.2570000000000001,0.0
1.258,0.0
1.2590000000000001,0.0
1.26,0.0
1.2610000000000001,0.0
1.262,0.0
1.2630000000000001,0.0
1.264,0.0
1.2650000000000001,0.0
1.266,0.0
1.2670000000000001,0.0
1.268,0.0
1.2690000000000001,0.0
1.27,0.0
1.2710000000000001,0.0
1.272,0.0
1.2730000000000001,0.0
1.274,0.0
1.2750000000000001,0.0
1.276,0.0
1.2770000000000001,0.0
1.278,0.0
1.2790000000000001,0.0
1.28,0.0
1.281,0.0
1.282,0.0
1.283,0.0
1.284,0.0
1.285,0.0
1.286,0.0
1.287,0.0
1.288,0.0
1.289,0.0
1.29,0.0
1.291,0.0
1.292,0.0
1.293,0.0
1.294,0.0
1.295,0.0
1.296,0.0
1.297,0.0
1.298,0.0
1.299,0.0
1.3,0.0
1.301,0.0
1.302,0.0
1.303,0.0
1.304,0.0
1.305,0.0
1.306,0.0
1.307,0.0
1.308,0.0
1.309,0.0
1.31,0.0
1.311,0.0
1.312,0.0
1.313,0.0
1.314,0.0
1.315,0.0
1.316,0.0
1.317,0.0
1.318,0.0
1.319,0.0
1.32,0.0
1.321,0.0
1.322,0.0
1.323,0.0
1.324,0.0
1.325,0.0
1.326,0.0
1.327,0.0
1.328,0.0
1.329,0.0
1.33,0.0
1.331,0.0
1.332,0.0
1.333,0.0
1.334,0.0
1.335,0.0
1.336,0.0
1.337,0.0
1.338,0.0
1.339,0.0
1.34,0.0
1.341,0.0
1.342,0.0
1.343,0.0
1.344,0.0
1.345,0.0
1.346,0.0
1.347,0.0
1.348,0.0
1.349,0.0
1.35,0.0
1.351,0.0
1.352,0.0
1.353,0.0
1.354,0.0
1.355,0.0
1.356,0.0
1.357,0.0
1.358,0.0
1.359,0.0
1.36,0.0
1.361,0.0
1.362,0.0
1.363,0.0
1.364,0.0
1.365,0.0
1.366,0.0
1.367,0.0
1.368,0.0
1.369,0.0
1.37,0.0
1.371,0.0
1.372,0.0
1.373,0.0
1.374,0.0
1.375,0.0
1.3760000000000001,0.0
1.377,0.0
1.3780000000000001,0.0
1.379,0.0
1.3800000000000001,0.0
1.381,0.0
1.3820000000000001,0.0
1.383,0.0
1.3840000000000001,0.0
1.385,0.0
1.3860000000000001,0.0
1.387,0.0
1.3880000000000001,0.0
1.389,0.0
1.3900000000000001,0.0
1.391,0.0
1.3920000000000001,0.0
1.393,0.0
1.3940000000000001,0.0
1.395,0.0
1.3960000000000001,0.0
1.397,0.0
1.3980000000000001,0.0
1.399,0.0
1.4000000000000001,0.0
1.401,0.0
1.4020000000000001,0.0
1.403,0.0
1.4040000000000001,0.0
1.405,0.0
1.4060000000000001,0.0
1.407,0.0
1.408,0.0
1.409,0.0
1.41,0.0
1.411,0.0
1.412,0.0
1.413,0.0
1.414,0.0
1.415,0.0
1.416,0.0
1.417,0.0
1.418,0.0
1.419,0.0
1.42,0.0
1.421,0.0
1.422,0.0
1.423,0.0
1.424,0.0
1.425,0.0
1.426,0.0
1.427,0.0
1.428,0.0
1.429,0.0
1.43,0.0
1.431,0.0
1.432,0.0
1.433,0.0
1.434,0.0
1.435,0.0
1.436,0.0
1.437,0.0
1.438,0.0
1.439,0.0
1.44,0.0
1.441,0.0
1.442,0.0
1.443,0.0
1.444,0.0
1.445,0.0
1.446,0.0
1.447,0.0
1.448,0.0
1.449,0.0
1.45,0.0
1.451,0.0
1.452,0.0
1.453,0.0
1.454,0.0
1.455,0.0
1.456,0.0
1.457,0.0
1.458,0.0
1.459,0.0
1.46,0.0
1.461,0.0
1.462,0.0
1.463,0.0
1.464,0.0
1.465,0.0
1.466,0.0
1.467,0.0
1.468,0.0
1.469,0.0
1.47,0.0
1.471,0.0
1.472,0.0
1.473,0.0
1.474,0.0
1.475,0.0
1.476,0.0
1.477,0.0
1.478,0.0
1.479,0.0
1.48,0.0
1.481,0.0
1.482,0.0
1.483,0.0
1.484,0.0
1.485,0.0
1.486,0.0
1.487,0.0
1.488,0.0
1.489,0.0
1.49,0.0
1.491,0.0
1.492,0.0
1.493,0.0
1.494,0.0
1.495,0.0
1.496,0.0
1.497,0.0
1.498,0.0
1.499,0.0
1.5,0.0
1.5010000000000001,0.0
1.502,0.0
1.5030000000000001,0.0
1.504,0.0
1.5050000000000001,0.0
1.506,0.0
1.5070000000000001,0.0
1.508,0.0
1.5090000000000001,0.0
1.51,0.0
1.5110000000000001,0.0
1.512,0.0
1.5130000000000001,0.0
1.514,0.0
1.5150000000000001,0.0
1.516,0.0
1.5170000000000001,0.0
1.518,0.0
1.5190000000000001,0.0
1.52,0.0
1.5210000000000001,0.0
1.522,0.0
1.5230000000000001,0.0
1.524,0.0
1.5250000000000001,0.0
1.526,0.0
1.5270000000000001,0.0
1.528,0.0
1.5290000000000001,0.0
1.53,0.0
1.5310000000000001,0.0
1.532,0.0
1.5330000000000001,0.0
1.534,0.0
1.5350000000000001,0.0
1.536,0.0
1.537,0.0
1.538,0.0
1.539,0.0
1.54,0.0
1.541,0.0
1.542,0.0
1.543,0.0
1.544,0.0
1.545,0.0
1.546,0.0
1.547,0.0
1.548,0.0
1.549,0.0
1.55,0.0
1.551,0.0
1.552,0.0
1.553,0.0
1.554,0.0
1.555,0.0
1.556,0.0
1.557,0.0
1.558,0.0
1.559,0.0
1.56,0.0
1.561,0.0
1.562,0.0
1.563,0.0
1.564,0.0
1.565,0.0
1.566,0.0
1.567,0.0
1.568,0.0
1.569,0.0
1.57,0.0
1.571,0.0
1.572,0.0
1.573,0.0
1.574,0.0
1.575,0.0
1.576,0.0
1.577,0.0
1.578,0.0
1.579,0.0
1.58,0.0
1.581,0.0
1.582,0.0
1.583,0.0
1.584,0.0
1.585,0.0
1.586,0.0
1.587,0.0
1.588,0.0
1.589,0.0
1.59,0.0
1.591,0.0
1.592,0.0
1.593,0.0
1.594,0.0
1.595,0.0
1.596,0.0
1.597,0.0
1.598,0.0
1.599,0.0
1.6,0.0
1.601,0.0
1.602,0.0
1.603,0.0
1.604,0.0
1.605,0.0
1.606,0.0
1.607,0.0
1.608,0.0
1.609,0.0
1.61,0.0
1.611,0.0
1.612,0.0
1.613,0.0
1.614,0.0
1.615,0.0
1.616,0.0
1.617,0.0
1.618,0.0
1.619,0.0
1.62,0.0
1.621,0.0
1.622,0.0
1.623,0.0
1.624,0.0
1.625,0.0
1.6260000000000001,0.0
1.627,0.0
1.6280000000000001,0.0
1.629,0.0
1.6300000000000001,0.0
1.631,0.0
1.6320000000000001,0.0
1.633,0.0
1.6340000000000001,0.0
1.635,0.0
1.6360000000000001,0.0
1.637,0.0
1.6380000000000001,0.0
1.639,0.0
1.6400000000000001,0.0
1.641,0.0
1.6420000000000001,0.0
1.643,0.0
1.6440000000000001,0.0
1.645,0.0
1.6460000000000001,0.0
1.647,0.0
1.6480000000000001,0.0
1.649,0.0
1.6500000000000001,0.0
1.651,0.0
1.6520000000000001,0.0
1.653,0.0
1.6540000000000001,0.0
1.655,0.0
1.6560000000000001,0.0
1.657,0.0
1.6580000000000001,0.0
1.659,0.0
1.6600000000000001,0.0
1.661,0.0
1.6620000000000001,0.0
1.663,0.0
1.6640000000000001,0.0
1.665,0.0
1.666,0.0
1.667,0.0
1.668,0.0
1.669,0.0
1.67,0.0
1.671,0.0
1.672,0.0
1.673,0.0
1.674,0.0
1.675,0.0
1.676,0.0
1.677,0.0
1.678,0.0
1.679,0.0
1.68,0.0
1.681,0.0
1.682,0.0
1.683,0.0
1.684,0.0
1.685,0.0
1.686,0.0
1.687,0.0
1.688,0.0
1.689,0.0
1.69,0.0
1.691,0.0
1.692,0.0
1.693,0.0
1.694,0.0
1.695,0.0
1.696,0.0
1.697,0.0
1.698,0.0
1.699,0.0
1.7,0.0
1.701,0.0
1.702,0.0
1.703,0.0
1.704,0.0
1.705,0.0
1.706,0.0
1.707,0.0
1.708,0.0
1.709,0.0
1.71,0.0
1.711,0.0
1.712,0.0
1.713,0.0
1.714,0.0
1.715,0.0
1.716,0.0
1.717,0.0
1.718,0.0
1.719,0.0
1.72,0.0
1.721,0.0
1.722,0.0
1.723,0.0
1.724,0.0
1.725,0.0
1.726,0.0
1.727,0.0
1.728,0.0
1.729,0.0
1.73,0.0
1.731,0.0
1.732,0.0
1.733,0.0
1.734,0.0
1.735,0.0
1.736,0.0
1.737,0.0
1.738,0.0
1.739,0.0
1.74,0.0
1.741,0.0
1.742,0.0
1.743,0.0
1.744,0.0
1.745,0.0
1.746,0.0
1.747,0.0
1.748,0.0
1.749,0.0
1.75,0.0
1.7510000000000001,0.0
1.752,0.0
1.7530000000000001,0.0
1.754,0.0
1.7550000000000001,0.0
1.756,0.0
1.7570000000000001,0.0
1.758,0.0
1.7590000000000001,0.0
1.76,0.0
1.7610000000000001,0.0
1.762,0.0
1.7630000000000001,0.0
1.764,0.0
1.7650000000000001,0.0
1.766,0.0
1.7670000000000001,0.0
1.768,0.0
1.7690000000000001,0.0
1.77,0.0
1.7710000000000001,0.0
1.772,0.0
1.7730000000000001,0.0
1.774,0.0
1.7750000000000001,0.0
1.776,0.0
1.7770000000000001,0.0
1.778,0.0
1.7790000000000001,0.0
1.78,0.0
1.7810000000000001,0.0
1.782,0.0
1.7830000000000001,0.0
1.784,0.0
1.7850000000000001,0.0
1.786,0.0
1.7870000000000001,0.0
1.788,0.0
1.7890000000000001,0.0
1.79,0.0
1.7910000000000001,0.0
1.792,0.0
1.793,0.0
1.794,0.0
1.795,0.0
1.796,0.0
1.797,0.0
1.798,0.0
1.799,0.0
1.8,0.0
1.801,0.0
1.802,0.0
1.803,0.0
1.804,0.0
1.805,0.0
1.806,0.0
1.807,0.0
1.808,0.0
1.809,0.0
1.81,0.0
1.811,0.0
1.812,0.0
1.813,0.0
1.814,0.0
1.815,0.0
1.816,0.0
1.817,0.0
1.818,0.0
1.819,0.0
1.82,0.0
1.821,0.0
1.822,0.0
1.823,0.0
1.824,0.0
1.825,0.0
1.826,0.0
1.827,0.0
1.828,0.0
1.829,0.0
1.83,0.0
1.831,0.0
1.832,0.0
1.833,0.0
1.834,0.0
1.835,0.0
1.836,0.0
1.837,0.0
1.838,0.0
1.839,0.0
1.84,0.0
1.841,0.0
1.842,0.0
1.843,0.0
1.844,0.0
1.845,0.0
1.846,0.0
1.847,0.0
1.848,0.0
1.849,0.0
1.85,0.0
1.851,0.0
1.852,0.0
1.853,0.0
1.854,0.0
1.855,0.0
1.856,0.0
1.857,0.0
1.858,0.0
1.859,0.0
1.86,0.0
1.861,0.0
1.862,0.0
1.863,0.0
1.864,0.0
1.865,0.0
1.866,0.0
1.867,0.0
1.868,0.0
1.869,0.0
1.87,0.0
1.871,0.0
1.872,0.0
1.873,0.0
1.874,0.0
1.875,0.0
1.8760000000000001,0.0
1.877,0.0
1.8780000000000001,0.0
1.879,0.0
1.8800000000000001,0.0
1.881,0.0
1.8820000000000001,0.0
1.883,0.0
1.8840000000000001,0.0
1.885,0.0
1.8860000000000001,0.0
1.887,0.0
1.8880000000000001,0.0
1.889,0.0
1.8900000000000001,0.0
1.891,0.0
1.8920000000000001,0.0
1.893,0.0
1.8940000000000001,0.0
1.895,0.0
1.8960000000000001,0.0
1.897,0.0
1.8980000000000001,0.0
1.899,0.0
1.9000000000000001,0.0
1.901,0.0
1.9020000000000001,0.0
1.903,0.0
1.9040000000000001,0.0
1.905,0.0
1.9060000000000001,0.0
1.907,0.0
1.9080000000000001,0.0
1.909,0.0
1.9100000000000001,0.0
1.911,0.0
1.9120000000000001,0.0
1.913,0.0
1.9140000000000001,0.0
1.915,0.0
1.9160000000000001,0.0
1.917,0.0
1.9180000000000001,0.0
1.919,0.0
1.92,0.0
1.921,0.0
1.922,0.0
1.923,0.0
1.924,0.0
1.925,0.0
1.926,0.0
1.927,0.0
1.928,0.0
1.929,0.0
1.93,0.0
1.931,0.0
1.932,0.0
1.933,0.0
1.934,0.0
1.935,0.0
1.936,0.0
1.937,0.0
1.938,0.0
1.939,0.0
1.94,0.0
1.941,0.0
1.942,0.0
1.943,0.0
1.944,0.0
1.945,0.0
1.946,0.0
1.947,0.0
1.948,0.0
1.949,0.0
1.95,0.0
1.951,0.0
1.952,0.0
1.953,0.0
1.954,0.0
1.955,0.0
1.956,0.0
1.957,0.0
1.958,0.0
1.959,0.0
1.96,0.0
1.961,0.0
1.962,0.0
1.963,0.0
1.964,0.0
1.965,0.0
1.966,0.0
1.967,0.0
1.968,0.0
1.969,0.0
1.97,0.0
1.971,0.0
1.972,0.0
1.973,0.0
1.974,0.0
1.975,0.0
1.976,0.0
1.977,0.0
1.978,0.0
1.979,0.0
1.98,0.0
1.981,0.0
1.982,0.0
1.983,0.0
1.984,0.0
1.985,0.0
1.986,0.0
1.987,0.0
1.988,0.0
1.989,0.0
1.99,0.0
1.991,0.0
1.992,0.0
1.993,0.0
1.994,0.0
1.995,0.0
1.996,0.0
1.997,0.0
1.998,0.0
1.999,0.0
2.0,0.0
2.001,0.0
2.0020000000000002,0.0
2.003,0.0
2.004,0.0
2.005,0.0
2.0060000000000002,0.0
2.007,0.0
2.008,0.0
2.009,0.0
2.0100000000000002,0.0
2.011,0.0
2.012,0.0
2.013,0.0
2.0140000000000002,0.0
2.015,0.0
2.016,0.0
2.017,0.0
2.0180000000000002,0.0
2.019,0.0
2.02,0.0
2.021,0.0
2.0220000000000002,0.0
2.023,0.0
2.024,0.0
2.025,0.0
2.0260000000000002,0.0
2.027,0.0
2.028,0.0
2.029,0.0
2.0300000000000002,0.0
2.031,0.0
2.032,0.0
2.033,0.0
2.0340000000000003,0.0
2.035,0.0
2.036,0.0
2.037,0.0
2.0380000000000003,0.0
2.039,0.0
2.04,0.0
2.041,0.0
2.0420000000000003,0.0
2.043,0.0
2.044,0.0
2.045,0.0
2.0460000000000003,0.0
2.047,0.0
2.048,0.0
2.049,0.0
2.05,0.0
2.051,0.0
2.052,0.0
2.053,0.0
2.054,0.0
2.055,0.0
2.056,0.0
2.057,0.0
2.058,0.0
2.059,0.0
2.06,0.0
2.061,0.0
2.062,0.0
2.063,0.0
2.064,0.0
2.065,0.0
2.066,0.0
2.067,0.0
2.068,0.0
2.069,0.0
2.07,0.0
2.071,0.0
2.072,0.0
2.073,0.0
2.074,0.0
2.075,0.0
2.076,0.0
2.077,0.0
2.078,0.0
2.079,0.0
2.08,0.0
2.081,0.0
2.082,0.0
2.083,0.0
2.084,0.0
2.085,0.0
2.086,0.0
2.087,0.0
2.088,0.0
2.089,0.0
2.09,0.0
2.091,0.0
2.092,0.0
2.093,0.0
2.094,0.0
2.095,0.0
2.096,0.0
2.097,0.0
2.098,0.0
2.099,0.0
2.1,0.0
2.101,0.0
2.102,0.0
2.103,0.0
2.104,0.0
2.105,0.0
2.106,0.0
2.107,0.0
2.108,0.0
2.109,0.0
2.11,15.0
2.111,20.0
2.112,24.0
2.113,31.0
2.114,32.0
2.115,31.0
2.116,30.0
2.117,30.0
2.118,31.0
2.119,29.0
2.12,27.0
2.121,21.0
2.122,18.0
2.123,18.0
2.124,18.0
2.125,19.0
2.126,20.0
2.1270000000000002,28.0
2.128,31.0
2.129,30.0
2.13,30.0
2.1310000000000002,34.0
2.132,35.0
2.133,46.0
2.134,51.0
2.1350000000000002,60.0
2.136,62.0
2.137,63.0
2.138,64.0
2.1390000000000002,63.0
2.14,64.0
2.141,67.0
2.142,68.0
2.1430000000000002,72.0
2.144,79.0
2.145,89.0
2.146,108.0
2.1470000000000002,119.0
2.148,131.0
2.149,148.0
2.15,157.0
2.1510000000000002,165.0
2.152,175.0
2.153,183.0
2.154,187.0
2.1550000000000002,189.0
2.156,189.0
2.157,189.0
2.158,186.0
2.1590000000000003,180.0
2.16,178.0
2.161,174.0
2.162,173.0
2.1630000000000003,174.0
2.164,181.0
2.165,184.0
2.166,187.0
2.1670000000000003,190.0
2.168,193.0
2.169,191.0
2.17,192.0
2.1710000000000003,192.0
2.172,190.0
2.173,188.0
2.174,187.0
2.1750000000000003,184.0
2.176,183.0
2.177,183.0
2.178,184.0
2.179,184.0
2.18,185.0
2.181,185.0
2.182,186.0
2.183,186.0
2.184,187.0
2.185,187.0
2.186,189.0
2.187,190.0
2.188,192.0
2.189,192.0
2.19,193.0
2.191,193.0
2.192,193.0
2.193,194.0
2.194,193.0
2.195,193.0
2.196,193.0
2.197,195.0
2.198,196.0
2.199,199.0
2.2,199.0
2.201,202.0
2.202,205.0
2.203,206.0
2.204,210.0
2.205,213.0
2.206,213.0
2.207,211.0
2.208,209.0
2.209,209.0
2.21,208.0
2.211,210.0
2.212,211.0
2.213,215.0
2.214,216.0
2.215,217.0
2.216,217.0
2.217,217.0
2.218,218.0
2.219,221.0
2.22,223.0
2.221,222.0
2.222,223.0
2.223,223.0
2.224,225.0
2.225,228.0
2.226,232.0
2.227,234.0
2.228,241.0
2.229,244.0
2.23,248.0
2.231,249.0
2.232,253.0
2.233,259.0
2.234,262.0
2.235,265.0
2.236,266.0
2.237,268.0
2.238,271.0
2.239,275.0
2.24,281.0
2.241,289.0
2.242,294.0
2.243,306.0
2.244,338.0
2.245,357.0
2.246,371.0
2.247,380.0
2.248,390.0
2.249,396.0
2.25,399.0
2.251,401.0
2.2520000000000002,406.0
2.253,413.0
2.254,421.0
2.255,427.0
2.2560000000000002,431.0
2.257,437.0
2.258,441.0
2.259,447.0
2.2600000000000002,449.0
2.261,454.0
2.262,457.0
2.263,460.0
2.2640000000000002,467.0
2.265,469.0
2.266,476.0
2.267,480.0
2.2680000000000002,487.0
2.269,490.0
2.27,493.0
2.271,495.0
2.2720000000000002,498.0
2.273,500.0
2.274,504.0
2.275,509.0
2.2760000000000002,515.0
2.277,521.0
2.278,525.0
2.279,529.0
2.2800000000000002,533.0
2.281,536.0
2.282,539.0
2.283,542.0
2.2840000000000003,546.0
2.285,551.0
2.286,553.0
2.287,556.0
2.2880000000000003,558.0
2.289,561.0
2.29,563.0
2.291,567.0
2.2920000000000003,569.0
2.293,571.0
2.294,573.0
2.295,576.0
2.2960000000000003,578.0
2.297,581.0
2.298,585.0
2.299,588.0
2.3000000000000003,593.0
2.301,596.0
2.302,598.0
2.303,601.0
2.3040000000000003,605.0
2.305,607.0
2.306,611.0
2.307,614.0
2.308,617.0
2.309,619.0
2.31,621.0
2.311,624.0
2.312,628.0
2.313,631.0
2.314,634.0
2.315,637.0
2.316,642.0
2.317,645.0
2.318,649.0
2.319,653.0
2.32,656.0
2.321,659.0
2.322,662.0
2.323,664.0
2.324,667.0
2.325,669.0
2.326,671.0
2.327,673.0
2.328,675.0
2.329,677.0
2.33,679.0
2.331,680.0
2.332,683.0
2.333,684.0
2.334,686.0
2.335,687.0
2.336,688.0
2.337,691.0
2.338,693.0
2.339,696.0
2.34,699.0
2.341,702.0
2.342,705.0
2.343,708.0
2.344,709.0
2.345,711.0
2.346,712.0
2.347,713.0
2.348,715.0
2.349,717.0
2.35,719.0
2.351,720.0
2.352,721.0
2.353,723.0
2.354,724.0
2.355,725.0
2.356,726.0
2.357,728.0
2.358,730.0
2.359,731.0
2.36,734.0
2.361,734.0
2.362,736.0
2.363,738.0
2.364,740.0
2.365,741.0
2.366,744.0
2.367,745.0
2.368,746.0
2.369,749.0
2.37,750.0
2.371,751.0
2.372,753.0
2.373,754.0
2.374,755.0
2.375,757.0
2.376,759.0
2.3770000000000002,761.0
2.378,762.0
2.379,763.0
2.38,765.0
2.3810000000000002,765.0
2.382,767.0
2.383,769.0
2.384,769.0
2.3850000000000002,770.0
2.386,772.0
2.387,773.0
2.388,774.0
2.3890000000000002,776.0
2.39,776.0
2.391,778.0
2.392,779.0
2.3930000000000002,780.0
2.394,781.0
2.395,782.0
2.396,783.0
2.3970000000000002,784.0
2.398,785.0
2.399,786.0
2.4,787.0
2.4010000000000002,789.0
2.402,790.0
2.403,790.0
2.404,791.0
2.4050000000000002,791.0
2.406,793.0
2.407,794.0
2.408,795.0
2.4090000000000003,797.0
2.41,799.0
2.411,800.0
2.412,801.0
2.4130000000000003,802.0
2.414,803.0
2.415,803.0
2.416,804.0
2.4170000000000003,804.0
2.418,806.0
2.419,806.0
2.42,808.0
2.4210000000000003,808.0
2.422,809.0
2.423,809.0
2.424,811.0
2.4250000000000003,812.0
2.426,812.0
2.427,813.0
2.428,815.0
2.4290000000000003,814.0
2.43,815.0
2.431,816.0
2.432,817.0
2.433,818.0
2.434,821.0
2.435,820.0
2.436,821.0
2.437,823.0
2.438,824.0
2.439,825.0
2.44,825.0
2.441,826.0
2.442,825.0
2.443,827.0
2.444,828.0
2.445,829.0
2.446,829.0
2.447,830.0
2.448,830.0
2.449,831.0
2.45,831.0
2.451,833.0
2.452,833.0
2.453,833.0
2.454,833.0
2.455,835.0
2.456,835.0
2.457,835.0
2.458,835.0
2.459,836.0
2.46,836.0
2.461,837.0
2.462,837.0
2.463,837.0
2.464,838.0
2.465,838.0
2.466,839.0
2.467,839.0
2.468,840.0
2.469,840.0
2.47,841.0
2.471,841.0
2.472,841.0
2.473,842.0
2.474,842.0
2.475,843.0
2.476,843.0
2.477,844.0
2.478,844.0
2.479,844.0
2.48,845.0
2.481,845.0
2.482,846.0
2.483,846.0
2.484,846.0
2.485,847.0
2.486,847.0
2.487,847.0
2.488,846.0
2.489,848.0
2.49,848.0
2.491,847.0
2.492,849.0
2.493,849.0
2.494,848.0
2.495,849.0
2.496,850.0
2.497,850.0
2.498,850.0
2.499,851.0
2.5,851.0
2.501,851.0
2.5020000000000002,851.0
2.503,852.0
2.504,852.0
2.505,853.0
2.5060000000000002,852.0
2.507,853.0
2.508,853.0
2.509,854.0
2.5100000000000002,854.0
2.511,854.0
2.512,854.0
2.513,855.0
2.5140000000000002,855.0
2.515,855.0
2.516,856.0
2.517,856.0
2.5180000000000002,857.0
2.519,856.0
2.52,856.0
2.521,857.0
2.5220000000000002,857.0
2.523,857.0
2.524,858.0
2.525,858.0
2.5260000000000002,858.0
2.527,859.0
2.528,859.0
2.529,859.0
2.5300000000000002,860.0
2.531,860.0
2.532,861.0
2.533,861.0
2.5340000000000003,861.0
2.535,861.0
2.536,862.0
2.537,862.0
2.5380000000000003,862.0
2.539,862.0
2.54,862.0
2.541,862.0
2.5420000000000003,862.0
2.543,863.0
2.544,863.0
2.545,863.0
2.5460000000000003,863.0
2.547,863.0
2.548,864.0
2.549,864.0
2.5500000000000003,864.0
2.551,864.0
2.552,865.0
2.553,864.0
2.5540000000000003,865.0
2.555,865.0
2.556,864.0
2.557,865.0
2.5580000000000003,866.0
2.559,864.0
2.56,866.0
2.561,866.0
2.562,866.0
2.563,867.0
2.564,867.0
2.565,867.0
2.566,866.0
2.567,867.0
2.568,868.0
2.569,867.0
2.57,867.0
2.571,868.0
2.572,868.0
2.573,868.0
2.574,868.0
2.575,868.0
2.576,868.0
2.577,868.0
2.578,869.0
2.579,868.0
2.58,869.0
2.581,869.0
2.582,869.0
2.583,869.0
2.584,869.0
2.585,870.0
2.586,869.0
2.587,870.0
2.588,871.0
2.589,871.0
2.59,871.0
2.591,871.0
2.592,871.0
2.593,872.0
2.594,872.0
2.595,872.0
2.596,872.0
2.597,873.0
2.598,873.0
2.599,873.0
2.6,873.0
2.601,874.0
2.602,874.0
2.603,874.0
2.604,874.0
2.605,874.0
2.606,875.0
2.607,875.0
2.608,875.0
2.609,876.0
2.61,876.0
2.611,875.0
2.612,876.0
2.613,875.0
2.614,875.0
2.615,877.0
2.616,876.0
2.617,877.0
2.618,877.0
2.619,878.0
2.62,878.0
2.621,877.0
2.622,878.0
2.623,878.0
2.624,878.0
2.625,879.0
2.626,878.0
2.6270000000000002,879.0
2.628,879.0
2.629,879.0
2.63,880.0
2.6310000000000002,879.0
2.632,880.0
2.633,880.0
2.634,880.0
2.6350000000000002,880.0
2.636,880.0
2.637,880.0
2.638,881.0
2.6390000000000002,881.0
2.64,881.0
2.641,881.0
2.642,881.0
2.6430000000000002,881.0
2.644,882.0
2.645,882.0
2.646,882.0
2.6470000000000002,882.0
2.648,882.0
2.649,882.0
2.65,883.0
2.6510000000000002,883.0
2.652,884.0
2.653,884.0
2.654,884.0
2.6550000000000002,884.0
2.656,884.0
2.657,884.0
2.658,885.0
2.6590000000000003,884.0
2.66,885.0
2.661,884.0
2.662,885.0
2.6630000000000003,885.0
2.664,885.0
2.665,886.0
2.666,885.0
2.6670000000000003,885.0
2.668,886.0
2.669,886.0
2.67,886.0
2.6710000000000003,886.0
2.672,886.0
2.673,887.0
2.674,886.0
2.6750000000000003,886.0
2.676,886.0
2.677,886.0
2.678,886.0
2.6790000000000003,886.0
2.68,886.0
2.681,886.0
2.682,886.0
2.6830000000000003,886.0
2.684,886.0
2.685,887.0
2.686,886.0
2.6870000000000003,887.0
2.688,887.0
2.689,887.0
2.69,887.0
2.691,887.0
2.692,887.0
2.693,887.0
2.694,887.0
2.695,887.0
2.696,887.0
2.697,887.0
2.698,887.0
2.699,887.0
2.7,888.0
2.701,888.0
2.702,887.0
2.703,887.0
2.704,888.0
2.705,887.0
2.706,888.0
2.707,888.0
2.708,888.0
2.709,888.0
2.71,888.0
2.711,888.0
2.712,887.0
2.713,888.0
2.714,888.0
2.715,889.0
2.716,888.0
2.717,887.0
2.718,888.0
2.719,888.0
2.72,889.0
2.721,887.0
2.722,889.0
2.723,889.0
2.724,889.0
2.725,889.0
2.726,889.0
2.727,888.0
2.728,889.0
2.729,889.0
2.73,889.0
2.731,890.0
2.732,889.0
2.733,889.0
2.734,888.0
2.735,889.0
2.736,890.0
2.737,890.0
2.738,889.0
2.739,889.0
2.74,889.0
2.741,889.0
2.742,889.0
2.743,890.0
2.744,889.0
2.745,889.0
2.746,889.0
2.747,889.0
2.748,889.0
2.749,890.0
2.75,889.0
2.751,890.0
2.7520000000000002,890.0
2.753,889.0
2.754,889.0
2.755,889.0
2.7560000000000002,890.0
2.757,890.0
2.758,890.0
2.759,890.0
2.7600000000000002,890.0
2.761,889.0
2.762,890.0
2.763,890.0
2.7640000000000002,890.0
2.765,890.0
2.766,890.0
2.767,890.0
2.7680000000000002,890.0
2.769,890.0
2.77,890.0
2.771,889.0
2.7720000000000002,891.0
2.773,890.0
2.774,890.0
2.775,891.0
2.7760000000000002,890.0
2.777,890.0
2.778,890.0
2.779,890.0
2.7800000000000002,890.0
2.781,890.0
2.782,890.0
2.783,890.0
2.7840000000000003,890.0
2.785,891.0
2.786,890.0
2.787,890.0
2.7880000000000003,891.0
2.789,891.0
2.79,891.0
2.791,891.0
2.7920000000000003,891.0
2.793,890.0
2.794,891.0
2.795,891.0
2.7960000000000003,891.0
2.797,891.0
2.798,891.0
2.799,891.0
2.8000000000000003,891.0
2.801,891.0
2.802,891.0
2.803,891.0
2.8040000000000003,891.0
2.805,891.0
2.806,891.0
2.807,891.0
2.8080000000000003,891.0
2.809,891.0
2.81,891.0
2.811,891.0
2.8120000000000003,891.0
2.813,891.0
2.814,891.0
2.815,891.0
2.816,891.0
2.817,891.0
2.818,891.0
2.819,891.0
2.82,891.0
2.821,891.0
2.822,891.0
2.823,890.0
2.824,891.0
2.825,892.0
2.826,891.0
2.827,891.0
2.828,891.0
2.829,892.0
2.83,892.0
2.831,891.0
2.832,891.0
2.833,891.0
2.834,892.0
2.835,892.0
2.836,891.0
2.837,891.0
2.838,892.0
2.839,892.0
2.84,892.0
2.841,891.0
2.842,892.0
2.843,891.0
2.844,891.0
2.845,892.0
2.846,892.0
2.847,892.0
2.848,892.0
2.849,892.0
2.85,892.0
2.851,892.0
2.852,892.0
2.853,892.0
2.854,892.0
2.855,892.0
2.856,892.0
2.857,893.0
2.858,892.0
2.859,891.0
2.86,892.0
2.861,892.0
2.862,892.0
2.863,892.0
2.864,892.0
2.865,892.0
2.866,892.0
2.867,892.0
2.868,892.0
2.869,892.0
2.87,892.0
2.871,892.0
2.872,893.0
2.873,892.0
2.874,892.0
2.875,892.0
2.876,892.0
2.8770000000000002,892.0
2.878,892.0
2.879,892.0
2.88,892.0
2.8810000000000002,892.0
2.882,892.0
2.883,892.0
2.884,892.0
2.8850000000000002,892.0
2.886,892.0
2.887,892.0
2.888,892.0
2.8890000000000002,892.0
2.89,892.0
2.891,892.0
2.892,892.0
2.8930000000000002,893.0
2.894,892.0
2.895,892.0
2.896,892.0
2.8970000000000002,892.0
2.898,892.0
2.899,893.0
2.9,892.0
2.9010000000000002,893.0
2.902,893.0
2.903,892.0
2.904,892.0
2.9050000000000002,892.0
2.906,893.0
2.907,893.0
2.908,893.0
2.9090000000000003,893.0
2.91,892.0
2.911,893.0
2.912,893.0
2.9130000000000003,893.0
2.914,893.0
2.915,893.0
2.916,893.0
2.9170000000000003,893.0
2.918,893.0
2.919,893.0
2.92,893.0
2.9210000000000003,893.0
2.922,892.0
2.923,893.0
2.924,893.0
2.9250000000000003,893.0
2.926,893.0
2.927,893.0
2.928,893.0
2.9290000000000003,893.0
2.93,893.0
2.931,893.0
2.932,893.0
2.9330000000000003,893.0
2.934,893.0
2.935,893.0
2.936,893.0
2.9370000000000003,893.0
2.938,893.0
2.939,893.0
2.94,893.0
2.9410000000000003,893.0
2.942,893.0
2.943,893.0
2.944,893.0
2.945,893.0
2.946,893.0
2.947,893.0
2.948,893.0
2.949,893.0
2.95,893.0
2.951,893.0
2.952,893.0
2.953,893.0
2.954,893.0
2.955,894.0
2.956,893.0
2.957,894.0
2.958,893.0
2.959,893.0
2.96,893.0
2.961,892.0
2.962,893.0
2.963,893.0
2.964,893.0
2.965,893.0
2.966,893.0
2.967,893.0
2.968,894.0
2.969,893.0
2.97,894.0
2.971,893.0
2.972,894.0
2.973,894.0
2.974,894.0
2.975,894.0
2.976,894.0
2.977,894.0
2.978,894.0
2.979,894.0
2.98,893.0
2.981,893.0
2.982,893.0
2.983,893.0
2.984,894.0
2.985,893.0
2.986,894.0
2.987,894.0
2.988,894.0
2.989,894.0
2.99,894.0
2.991,894.0
2.992,894.0
2.993,894.0
2.994,894.0
2.995,893.0
2.996,893.0
2.997,894.0
2.998,894.0
2.999,893.0
3.0,894.0
3.001,894.0
3.0020000000000002,894.0
3.003,893.0
3.004,894.0
3.005,894.0
3.0060000000000002,894.0
3.007,894.0
3.008,894.0
3.009,893.0
3.0100000000000002,894.0
3.011,894.0
3.012,893.0
3.013,894.0
3.0140000000000002,894.0
3.015,894.0
3.016,894.0
3.017,893.0
3.0180000000000002,894.0
3.019,894.0
3.02,895.0
3.021,894.0
3.0220000000000002,894.0
3.023,894.0
3.024,894.0
3.025,894.0
3.0260000000000002,894.0
3.027,894.0
3.028,894.0
3.029,894.0
3.0300000000000002,894.0
3.031,894.0
3.032,893.0
3.033,894.0
3.0340000000000003,894.0
3.035,894.0
3.036,894.0
3.037,894.0
3.0380000000000003,894.0
3.039,895.0
3.04,894.0
3.041,895.0
3.0420000000000003,895.0
3.043,894.0
3.044,894.0
3.045,894.0
3.0460000000000003,894.0
3.047,893.0
3.048,894.0
3.049,893.0
3.0500000000000003,895.0
3.051,894.0
3.052,894.0
3.053,893.0
3.0540000000000003,894.0
3.055,894.0
3.056,894.0
3.057,894.0
3.0580000000000003,894.0
3.059,894.0
3.06,894.0
3.061,894.0
3.0620000000000003,894.0
3.063,895.0
3.064,895.0
3.065,894.0
3.0660000000000003,894.0
3.067,894.0
3.068,895.0
3.069,895.0
3.0700000000000003,894.0
3.071,895.0
3.072,895.0
3.073,895.0
3.074,895.0
3.075,894.0
3.076,894.0
3.077,895.0
3.078,894.0
3.079,894.0
3.08,894.0
3.081,893.0
3.082,894.0
3.083,895.0
3.084,894.0
3.085,895.0
3.086,894.0
3.087,895.0
3.088,895.0
3.089,894.0
3.09,895.0
3.091,894.0
3.092,893.0
3.093,895.0
3.094,894.0
3.095,895.0
3.096,894.0
3.097,895.0
3.098,894.0
3.099,895.0
3.1,894.0
3.101,896.0
3.102,894.0
3.103,894.0
3.104,895.0
3.105,895.0
3.106,895.0
3.107,894.0
3.108,895.0
3.109,894.0
3.11,895.0
3.111,894.0
3.112,895.0
3.113,895.0
3.114,896.0
3.115,895.0
3.116,895.0
3.117,895.0
3.118,895.0
3.119,895.0
3.12,895.0
3.121,895.0
3.122,895.0
3.123,895.0
3.124,894.0
3.125,895.0
3.126,895.0
3.1270000000000002,895.0
3.128,894.0
3.129,895.0
3.13,895.0
3.1310000000000002,895.0
3.132,895.0
3.133,895.0
3.134,895.0
3.1350000000000002,895.0
3.136,895.0
3.137,895.0
3.138,894.0
3.1390000000000002,895.0
3.14,895.0
3.141,895.0
3.142,895.0
3.1430000000000002,894.0
3.144,894.0
3.145,895.0
3.146,895.0
3.1470000000000002,895.0
3.148,895.0
3.149,895.0
3.15,895.0
3.1510000000000002,895.0
3.152,895.0
3.153,895.0
3.154,895.0
3.1550000000000002,895.0
3.156,895.0
3.157,895.0
3.158,896.0
3.1590000000000003,895.0
3.16,896.0
3.161,895.0
3.162,895.0
3.1630000000000003,895.0
3.164,895.0
3.165,896.0
3.166,894.0
3.1670000000000003,894.0
3.168,895.0
3.169,895.0
3.17,895.0
3.1710000000000003,895.0
3.172,895.0
3.173,895.0
3.174,895.0
3.1750000000000003,895.0
3.176,895.0
3.177,895.0
3.178,895.0
3.1790000000000003,895.0
3.18,895.0
3.181,895.0
3.182,895.0
3.1830000000000003,895.0
3.184,895.0
3.185,895.0
3.186,896.0
3.1870000000000003,895.0
3.188,895.0
3.189,895.0
3.19,895.0
3.1910000000000003,895.0
3.192,895.0
3.193,895.0
3.194,895.0
3.1950000000000003,895.0
3.196,895.0
3.197,895.0
3.198,895.0
3.1990000000000003,895.0
3.2,895.0
3.201,895.0
3.202,895.0
3.203,895.0
3.204,895.0
3.205,896.0
3.206,895.0
3.207,895.0
3.208,896.0
3.209,895.0
3.21,895.0
3.211,895.0
3.212,896.0
3.213,896.0
3.214,895.0
3.215,895.0
3.216,895.0
3.217,895.0
3.218,894.0
3.219,896.0
3.22,895.0
3.221,895.0
3.222,896.0
3.223,895.0
3.224,896.0
3.225,895.0
3.226,896.0
3.227,895.0
3.228,896.0
3.229,895.0
3.23,895.0
3.231,896.0
3.232,895.0
3.233,896.0
3.234,895.0
3.235,895.0
3.236,895.0
3.237,896.0
3.238,896.0
3.239,895.0
3.24,895.0
3.241,895.0
3.242,895.0
3.243,895.0
3.244,896.0
3.245,895.0
3.246,895.0
3.247,895.0
3.248,896.0
3.249,896.0
3.25,896.0
3.251,896.0
3.2520000000000002,895.0
3.253,896.0
3.254,896.0
3.255,896.0
3.2560000000000002,896.0
3.257,895.0
3.258,895.0
3.259,895.0
3.2600000000000002,895.0
3.261,896.0
3.262,895.0
3.263,896.0
3.2640000000000002,895.0
3.265,895.0
3.266,895.0
3.267,896.0
3.2680000000000002,896.0
3.269,896.0
3.27,896.0
3.271,896.0
3.2720000000000002,896.0
3.273,897.0
3.274,896.0
3.275,895.0
3.2760000000000002,896.0
3.277,896.0
3.278,895.0
3.279,896.0
3.2800000000000002,895.0
3.281,895.0
3.282,895.0
3.283,896.0
3.2840000000000003,896.0
3.285,896.0
3.286,895.0
3.287,895.0
3.2880000000000003,896.0
3.289,896.0
3.29,895.0
3.291,896.0
3.2920000000000003,896.0
3.293,896.0
3.294,896.0
3.295,896.0
3.2960000000000003,896.0
3.297,896.0
3.298,896.0
3.299,896.0
3.3000000000000003,896.0
3.301,896.0
3.302,896.0
3.303,896.0
3.3040000000000003,896.0
3.305,896.0
3.306,896.0
3.307,895.0
3.3080000000000003,896.0
3.309,896.0
3.31,896.0
3.311,896.0
3.3120000000000003,896.0
3.313,896.0
3.314,896.0
3.315,896.0
3.3160000000000003,896.0
3.317,896.0
3.318,896.0
3.319,896.0
3.3200000000000003,896.0
3.321,896.0
3.322,896.0
3.323,896.0
3.3240000000000003,896.0
3.325,896.0
3.326,896.0
3.327,897.0
3.3280000000000003,896.0
3.329,896.0
3.33,896.0
3.331,896.0
3.332,896.0
3.333,896.0
3.334,897.0
3.335,896.0
3.336,895.0
3.337,896.0
3.338,895.0
3.339,895.0
3.34,896.0
3.341,896.0
3.342,896.0
3.343,896.0
3.344,896.0
3.345,896.0
3.346,897.0
3.347,896.0
3.348,896.0
3.349,896.0
3.35,896.0
3.351,896.0
3.352,896.0
3.353,896.0
3.354,896.0
3.355,896.0
3.356,896.0
3.357,895.0
3.358,896.0
3.359,896.0
3.36,896.0
3.361,896.0
3.362,896.0
3.363,896.0
3.364,896.0
3.365,896.0
3.366,896.0
3.367,896.0
3.368,896.0
3.369,896.0
3.37,896.0
3.371,896.0
3.372,896.0
3.373,896.0
3.374,896.0
3.375,896.0
3.376,896.0
3.3770000000000002,896.0
3.378,896.0
3.379,896.0
3.38,896.0
3.3810000000000002,896.0
3.382,896.0
3.383,896.0
3.384,896.0
3.3850000000000002,896.0
3.386,896.0
3.387,896.0
3.388,896.0
3.3890000000000002,895.0
3.39,897.0
3.391,897.0
3.392,896.0
3.3930000000000002,896.0
3.394,896.0
3.395,896.0
3.396,895.0
3.3970000000000002,896.0
3.398,896.0
3.399,896.0
3.4,896.0
3.4010000000000002,896.0
3.402,896.0
3.403,896.0
3.404,896.0
3.4050000000000002,896.0
3.406,896.0
3.407,896.0
3.408,896.0
3.4090000000000003,896.0
3.41,897.0
3.411,896.0
3.412,897.0
3.4130000000000003,896.0
3.414,896.0
3.415,896.0
3.416,896.0
3.4170000000000003,896.0
3.418,896.0
3.419,896.0
3.42,896.0
3.4210000000000003,896.0
3.422,896.0
3.423,896.0
3.424,897.0
3.4250000000000003,896.0
3.426,896.0
3.427,897.0
3.428,896.0
3.4290000000000003,896.0
3.43,896.0
3.431,896.0
3.432,896.0
3.4330000000000003,896.0
3.434,896.0
3.435,896.0
3.436,896.0
3.4370000000000003,896.0
3.438,896.0
3.439,897.0
3.44,897.0
3.4410000000000003,896.0
3.442,896.0
3.443,897.0
3.444,896.0
3.4450000000000003,896.0
3.446,896.0
3.447,896.0
3.448,896.0
3.4490000000000003,896.0
3.45,895.0
3.451,897.0
3.452,897.0
3.4530000000000003,896.0
3.454,897.0
3.455,897.0
3.456,896.0
3.457,896.0
3.458,896.0
3.459,897.0
3.46,896.0
3.461,897.0
3.462,896.0
3.463,896.0
3.464,896.0
3.465,896.0
3.466,897.0
3.467,896.0
3.468,897.0
3.469,895.0
3.47,896.0
3.471,896.0
3.472,896.0
3.473,896.0
3.474,897.0
3.475,896.0
3.476,897.0
3.477,897.0
3.478,896.0
3.479,897.0
3.48,896.0
3.481,896.0
3.482,896.0
3.483,897.0
3.484,897.0
3.485,896.0
3.486,896.0
3.487,897.0
3.488,897.0
3.489,896.0
3.49,897.0
3.491,897.0
3.492,896.0
3.493,897.0
3.494,896.0
3.495,896.0
3.496,896.0
3.497,896.0
3.498,897.0
3.499,897.0
3.5,897.0
3.501,896.0
3.5020000000000002,896.0
3.503,897.0
3.504,897.0
3.505,896.0
3.5060000000000002,897.0
3.507,897.0
3.508,896.0
3.509,897.0
3.5100000000000002,897.0
3.511,897.0
3.512,897.0
3.513,897.0
3.5140000000000002,897.0
3.515,897.0
3.516,897.0
3.517,896.0
3.5180000000000002,897.0
3.519,897.0
3.52,897.0
3.521,897.0
3.5220000000000002,897.0
3.523,897.0
3.524,897.0
3.525,897.0
3.5260000000000002,897.0
3.527,897.0
3.528,897.0
3.529,898.0
3.5300000000000002,897.0
3.531,897.0
3.532,898.0
3.533,897.0
3.5340000000000003,898.0
3.535,897.0
3.536,897.0
3.537,897.0
3.5380000000000003,897.0
3.539,897.0
3.54,897.0
3.541,897.0
3.5420000000000003,897.0
3.543,897.0
3.544,896.0
3.545,897.0
3.5460000000000003,897.0
3.547,897.0
3.548,897.0
3.549,897.0
3.5500000000000003,897.0
3.551,897.0
3.552,897.0
3.553,897.0
3.5540000000000003,897.0
3.555,897.0
3.556,897.0
3.557,897.0
3.5580000000000003,896.0
3.559,897.0
3.56,897.0
3.561,897.0
3.5620000000000003,897.0
3.563,896.0
3.564,897.0
3.565,897.0
3.5660000000000003,896.0
3.567,897.0
3.568,898.0
3.569,897.0
3.5700000000000003,897.0
3.571,897.0
3.572,898.0
3.573,898.0
3.5740000000000003,897.0
3.575,897.0
3.576,898.0
3.577,897.0
3.5780000000000003,897.0
3.579,897.0
3.58,897.0
3.581,896.0
3.5820000000000003,897.0
3.583,897.0
3.584,897.0
3.585,897.0
3.586,897.0
3.587,897.0
3.588,897.0
3.589,897.0
3.59,897.0
3.591,898.0
3.592,897.0
3.593,898.0
3.594,897.0
3.595,897.0
3.596,897.0
3.597,897.0
3.598,897.0
3.599,898.0
3.6,897.0
3.601,897.0
3.602,898.0
3.603,897.0
3.604,897.0
3.605,897.0
3.606,897.0
3.607,898.0
3.608,897.0
3.609,897.0
3.61,897.0
3.611,897.0
3.612,897.0
3.613,897.0
3.614,897.0
3.615,897.0
3.616,897.0
3.617,897.0
3.618,897.0
3.619,897.0
3.62,897.0
3.621,898.0
3.622,897.0
3.623,897.0
3.624,897.0
3.625,897.0
3.626,897.0
3.6270000000000002,897.0
3.628,897.0
3.629,897.0
3.63,897.0
3.6310000000000002,897.0
3.632,897.0
3.633,897.0
3.634,897.0
3.6350000000000002,897.0
3.636,897.0
3.637,898.0
3.638,897.0
3.6390000000000002,897.0
3.64,897.0
3.641,897.0
3.642,898.0
3.6430000000000002,898.0
3.644,897.0
3.645,897.0
3.646,898.0
3.6470000000000002,897.0
3.648,897.0
3.649,898.0
3.65,897.0
3.6510000000000002,897.0
3.652,897.0
3.653,897.0
3.654,898.0
3.6550000000000002,898.0
3.656,897.0
3.657,897.0
3.658,897.0
3.6590000000000003,897.0
3.66,897.0
3.661,897.0
3.662,897.0
3.6630000000000003,897.0
3.664,897.0
3.665,897.0
3.666,897.0
3.6670000000000003,897.0
3.668,897.0
3.669,897.0
3.67,898.0
3.6710000000000003,897.0
3.672,897.0
3.673,898.0
3.674,897.0
3.6750000000000003,898.0
3.676,897.0
3.677,897.0
3.678,898.0
3.6790000000000003,897.0
3.68,897.0
3.681,897.0
3.682,897.0
3.6830000000000003,898.0
3.684,897.0
3.685,897.0
3.686,897.0
3.6870000000000003,897.0
3.688,898.0
3.689,897.0
3.69,898.0
3.6910000000000003,897.0
3.692,897.0
3.693,898.0
3.694,898.0
3.6950000000000003,897.0
3.696,898.0
3.697,898.0
3.698,897.0
3.6990000000000003,897.0
3.7,898.0
3.701,897.0
3.702,898.0
3.7030000000000003,897.0
3.704,896.0
3.705,898.0
3.706,898.0
3.7070000000000003,898.0
3.708,898.0
3.709,898.0
3.71,898.0
3.7110000000000003,897.0
3.712,898.0
3.713,898.0
3.714,898.0
3.715,898.0
3.716,898.0
3.717,898.0
3.718,897.0
3.719,898.0
3.72,898.0
3.721,897.0
3.722,898.0
3.723,897.0
3.724,897.0
3.725,898.0
3.726,898.0
3.727,898.0
3.728,898.0
3.729,897.0
3.73,898.0
3.731,898.0
3.732,898.0
3.733,898.0
3.734,898.0
3.735,898.0
3.736,898.0
3.737,898.0
3.738,898.0
3.739,897.0
3.74,898.0
3.741,898.0
3.742,898.0
3.743,898.0
3.744,898.0
3.745,898.0
3.746,897.0
3.747,898.0
3.748,898.0
3.749,898.0
3.75,898.0
3.751,898.0
3.7520000000000002,898.0
3.753,898.0
3.754,898.0
3.755,898.0
3.7560000000000002,898.0
3.757,898.0
3.758,898.0
3.759,898.0
3.7600000000000002,898.0
3.761,898.0
3.762,898.0
3.763,898.0
3.7640000000000002,898.0
3.765,897.0
3.766,897.0
3.767,898.0
3.7680000000000002,897.0
3.769,898.0
3.77,898.0
3.771,898.0
3.7720000000000002,898.0
3.773,898.0
3.774,898.0
3.775,898.0
3.7760000000000002,898.0
3.777,898.0
3.778,898.0
3.779,898.0
3.7800000000000002,898.0
3.781,898.0
3.782,898.0
3.783,898.0
3.7840000000000003,898.0
3.785,897.0
3.786,898.0
3.787,898.0
3.7880000000000003,898.0
3.789,898.0
3.79,898.0
3.791,898.0
3.7920000000000003,898.0
3.793,898.0
3.794,898.0
3.795,898.0
3.7960000000000003,898.0
3.797,898.0
3.798,897.0
3.799,897.0
3.8000000000000003,897.0
3.801,897.0
3.802,897.0
3.803,897.0
3.8040000000000003,897.0
3.805,897.0
3.806,897.0
3.807,897.0
3.8080000000000003,896.0
3.809,897.0
3.81,897.0
3.811,896.0
3.8120000000000003,896.0
3.813,896.0
3.814,896.0
3.815,896.0
3.8160000000000003,896.0
3.817,896.0
3.818,895.0
3.819,895.0
3.8200000000000003,895.0
3.821,895.0
3.822,895.0
3.823,894.0
3.8240000000000003,895.0
3.825,894.0
3.826,894.0
3.827,894.0
3.8280000000000003,893.0
3.829,894.0
3.83,893.0
3.831,893.0
3.8320000000000003,893.0
3.833,893.0
3.834,892.0
3.835,892.0
3.8360000000000003,892.0
3.837,891.0
3.838,892.0
3.839,891.0
3.84,891.0
3.841,891.0
3.842,890.0
3.843,890.0
3.844,890.0
3.845,890.0
3.846,890.0
3.847,890.0
3.848,890.0
3.849,888.0
3.85,888.0
3.851,888.0
3.852,888.0
3.853,887.0
3.854,887.0
3.855,886.0
3.856,886.0
3.857,886.0
3.858,886.0
3.859,886.0
3.86,885.0
3.861,885.0
3.862,884.0
3.863,884.0
3.864,883.0
3.865,883.0
3.866,882.0
3.867,882.0
3.868,881.0
3.869,881.0
3.87,880.0
3.871,880.0
3.872,879.0
3.873,879.0
3.874,878.0
3.875,877.0
3.876,876.0
3.8770000000000002,875.0
3.878,875.0
3.879,874.0
3.88,873.0
3.8810000000000002,872.0
3.882,871.0
3.883,870.0
3.884,868.0
3.8850000000000002,867.0
3.886,867.0
3.887,866.0
3.888,865.0
3.8890000000000002,865.0
3.89,864.0
3.891,864.0
3.892,863.0
3.8930000000000002,862.0
3.894,861.0
3.895,860.0
3.896,859.0
3.8970000000000002,857.0
3.898,856.0
3.899,855.0
3.9,853.0
3.9010000000000002,852.0
3.902,851.0
3.903,849.0
3.904,849.0
3.9050000000000002,847.0
3.906,846.0
3.907,845.0
3.908,843.0
3.9090000000000003,841.0
3.91,839.0
3.911,837.0
3.912,835.0
3.9130000000000003,833.0
3.914,832.0
3.915,830.0
3.916,829.0
3.9170000000000003,827.0
3.918,825.0
3.919,823.0
3.92,821.0
3.9210000000000003,819.0
3.922,816.0
3.923,815.0
3.924,813.0
3.9250000000000003,811.0
3.926,808.0
3.927,806.0
3.928,803.0
3.9290000000000003,800.0
3.93,797.0
3.931,792.0
3.932,788.0
3.9330000000000003,784.0
3.934,781.0
3.935,778.0
3.936,775.0
3.9370000000000003,772.0
3.938,770.0
3.939,766.0
3.94,761.0
3.9410000000000003,756.0
3.942,751.0
3.943,746.0
3.944,741.0
3.9450000000000003,738.0
3.946,733.0
3.947,730.0
3.948,726.0
3.9490000000000003,723.0
3.95,718.0
3.951,713.0
3.952,708.0
3.9530000000000003,700.0
3.954,694.0
3.955,690.0
3.956,686.0
3.9570000000000003,680.0
3.958,675.0
3.959,669.0
3.96,662.0
3.9610000000000003,657.0
3.962,651.0
3.963,647.0
3.964,640.0
3.9650000000000003,632.0
3.966,628.0
3.967,622.0
3.968,619.0
3.969,614.0
3.97,609.0
3.971,602.0
3.972,593.0
3.973,584.0
3.974,578.0
3.975,569.0
3.976,563.0
3.977,555.0
3.978,544.0
3.979,528.0
3.98,514.0
3.981,503.0
3.982,497.0
3.983,492.0
3.984,484.0
3.985,476.0
3.986,466.0
3.987,460.0
3.988,453.0
3.989,449.0
3.99,443.0
3.991,438.0
3.992,436.0
3.993,434.0
3.994,436.0
3.995,437.0
3.996,434.0
3.997,432.0
3.998,434.0
3.999,435.0
4.0,434.0
4.001,431.0
4.002,430.0
4.003,430.0
4.0040000000000004,430.0
4.005,429.0
4.006,425.0
4.007,422.0
4.008,418.0
4.009,410.0
4.01,399.0
4.011,384.0
4.0120000000000005,376.0
4.013,371.0
4.014,371.0
4.015,373.0
4.016,374.0
4.017,375.0
4.018,376.0
4.019,380.0
4.0200000000000005,383.0
4.021,385.0
4.022,386.0
4.023,387.0
4.024,389.0
4.025,390.0
4.026,390.0
4.027,390.0
4.0280000000000005,391.0
4.029,392.0
4.03,397.0
4.031,399.0
4.032,399.0
4.033,398.0
4.034,398.0
4.035,400.0
4.0360000000000005,402.0
4.037,403.0
4.038,402.0
4.039,402.0
4.04,403.0
4.041,405.0
4.042,406.0
4.043,407.0
4.0440000000000005,407.0
4.045,408.0
4.046,409.0
4.047,409.0
4.048,408.0
4.049,407.0
4.05,407.0
4.051,407.0
4.0520000000000005,409.0
4.053,410.0
4.054,410.0
4.055,410.0
4.056,411.0
4.057,413.0
4.058,413.0
4.059,414.0
4.0600000000000005,413.0
4.061,413.0
4.062,414.0
4.063,414.0
4.064,415.0
4.065,415.0
4.066,415.0
4.067,416.0
4.0680000000000005,415.0
4.069,416.0
4.07,416.0
4.071,415.0
4.072,415.0
4.073,415.0
4.074,415.0
4.075,416.0
4.0760000000000005,415.0
4.077,416.0
4.078,416.0
4.079,417.0
4.08,417.0
4.081,417.0
4.082,416.0
4.083,415.0
4.0840000000000005,415.0
4.085,414.0
4.086,410.0
4.087,406.0
4.088,405.0
4.089,400.0
4.09,392.0
4.091,380.0
4.0920000000000005,360.0
4.093,337.0
4.094,299.0
4.095,251.0
4.096,207.0
4.097,188.0
4.098,180.0
4.099,177.0
4.1,170.0
4.101,162.0
4.102,146.0
4.103,140.0
4.104,138.0
4.105,137.0
4.106,136.0
4.107,131.0
4.108,129.0
4.109,129.0
4.11,134.0
4.111,138.0
4.112,140.0
4.113,142.0
4.114,146.0
4.115,148.0
4.116,149.0
4.117,148.0
4.118,143.0
4.119,140.0
4.12,134.0
4.121,125.0
4.122,120.0
4.123,112.0
4.124,112.0
4.125,113.0
4.126,115.0
4.127,119.0
4.128,116.0
4.1290000000000004,116.0
4.13,113.0
4.131,113.0
4.132,112.0
4.133,109.0
4.134,106.0
4.135,102.0
4.136,101.0
4.1370000000000005,98.0
4.138,93.0
4.139,91.0
4.14,87.0
4.141,85.0
4.142,83.0
4.143,80.0
4.144,64.0
4.1450000000000005,48.0
4.146,39.0
4.147,31.0
4.148,17.0
4.149,14.0
4.15,0.0
4.151,0.0
4.152,0.0
4.1530000000000005,0.0
4.154,0.0
4.155,0.0
4.156,0.0
4.157,0.0
4.158,0.0
4.159,0.0
4.16,0.0
4.1610000000000005,0.0
4.162,0.0
4.163,0.0
4.164,0.0
4.165,0.0
4.166,0.0
4.167,0.0
4.168,0.0
4.1690000000000005,0.0
4.17,0.0
4.171,0.0
4.172,0.0
4.173,0.0
4.174,0.0
4.175,0.0
4.176,0.0
4.1770000000000005,0.0
4.178,0.0
4.179,0.0
4.18,0.0
4.181,0.0
4.182,0.0
4.183,0.0
4.184,0.0
4.1850000000000005,0.0
4.186,0.0
4.187,0.0
4.188,0.0
4.189,0.0
4.19,0.0
4.191,0.0
4.192,0.0
4.1930000000000005,0.0
4.194,0.0
4.195,0.0
4.196,0.0
4.197,0.0
4.198,0.0
4.199,0.0
4.2,0.0
4.2010000000000005,0.0
4.202,0.0
4.203,0.0
4.204,0.0
4.205,0.0
4.206,0.0
4.207,0.0
4.208,0.0
4.2090000000000005,0.0
4.21,0.0
4.211,0.0
4.212,0.0
4.213,0.0
4.214,0.0
4.215,0.0
4.216,0.0
4.2170000000000005,0.0
4.218,0.0
4.219,0.0
4.22,0.0
4.221,0.0
4.222,0.0
4.223,0.0
4.224,0.0
4.225,0.0
4.226,0.0
4.227,0.0
4.228,0.0
4.229,0.0
4.23,0.0
4.231,0.0
4.232,0.0
4.233,0.0
4.234,0.0
4.235,0.0
4.236,0.0
4.237,0.0
4.238,0.0
4.239,0.0
4.24,0.0
4.241,0.0
4.242,0.0
4.243,0.0
4.244,0.0
4.245,0.0
4.246,0.0
4.247,0.0
4.248,0.0
4.249,0.0
4.25,0.0
4.251,0.0
4.252,0.0
4.253,0.0
4.2540000000000004,0.0
4.255,0.0
4.256,0.0
4.257,0.0
4.258,0.0
4.259,0.0
4.26,0.0
4.261,0.0
4.2620000000000005,0.0
4.263,0.0
4.264,0.0
4.265,0.0
4.266,0.0
4.267,0.0
4.268,0.0
4.269,0.0
4.2700000000000005,0.0
4.271,0.0
4.272,0.0
4.273,0.0
4.274,0.0
4.275,0.0
4.276,0.0
4.277,0.0
4.2780000000000005,0.0
4.279,0.0
4.28,0.0
4.281,0.0
4.282,0.0
4.283,0.0
4.284,0.0
4.285,0.0
4.2860000000000005,0.0
4.287,0.0
4.288,0.0
4.289,0.0
4.29,0.0
4.291,0.0
4.292,0.0
4.293,0.0
4.2940000000000005,0.0
4.295,0.0
4.296,0.0
4.297,0.0
4.298,0.0
4.299,0.0
4.3,0.0
4.301,0.0
4.3020000000000005,0.0
4.303,0.0
4.304,0.0
4.305,0.0
4.306,0.0
4.307,0.0
4.308,0.0
4.309,0.0
4.3100000000000005,0.0
4.311,0.0
4.312,0.0
4.313,0.0
4.314,0.0
4.315,0.0
4.316,0.0
4.317,0.0
4.3180000000000005,0.0
4.319,0.0
4.32,0.0
4.321,0.0
4.322,0.0
4.323,0.0
4.324,0.0
4.325,0.0
4.3260000000000005,0.0
4.327,0.0
4.328,0.0
4.329,0.0
4.33,0.0
4.331,0.0
4.332,0.0
4.333,0.0
4.3340000000000005,0.0
4.335,0.0
4.336,0.0
4.337,0.0
4.338,0.0
4.339,0.0
4.34,0.0
4.341,0.0
4.3420000000000005,0.0
4.343,0.0
4.344,0.0
4.345,0.0
4.346,0.0
4.347,0.0
4.348,0.0
4.349,0.0
4.3500000000000005,0.0
4.351,0.0
4.352,0.0
4.353,0.0
4.354,0.0
4.355,0.0
4.356,0.0
4.357,0.0
4.358,0.0
4.359,0.0
4.36,0.0
4.361,0.0
4.362,0.0
4.363,0.0
4.364,0.0
4.365,0.0
4.366,0.0
4.367,0.0
4.368,0.0
4.369,0.0
4.37,0.0
4.371,0.0
4.372,0.0
4.373,0.0
4.374,0.0
4.375,0.0
4.376,0.0
4.377,0.0
4.378,0.0
4.3790000000000004,0.0
4.38,0.0
4.381,0.0
4.382,0.0
4.383,0.0
4.384,0.0
4.385,0.0
4.386,0.0
4.3870000000000005,0.0
4.388,0.0
4.389,0.0
4.39,0.0
4.391,0.0
4.392,0.0
4.393,0.0
4.394,0.0
4.3950000000000005,0.0
4.396,0.0
4.397,0.0
4.398,0.0
4.399,0.0
4.4,0.0
4.401,0.0
4.402,0.0
4.4030000000000005,0.0
4.404,0.0
4.405,0.0
4.406,0.0
4.407,0.0
4.408,0.0
4.409,0.0
4.41,0.0
4.4110000000000005,0.0
4.412,0.0
4.413,0.0
4.414,0.0
4.415,0.0
4.416,0.0
4.417,0.0
4.418,0.0
4.4190000000000005,0.0
4.42,0.0
4.421,0.0
4.422,0.0
4.423,0.0
4.424,0.0
4.425,0.0
4.426,0.0
4.4270000000000005,0.0
4.428,0.0
4.429,0.0
4.43,0.0
4.431,0.0
4.432,0.0
4.433,0.0
4.434,0.0
4.4350000000000005,0.0
4.436,0.0
4.437,0.0
4.438,0.0
4.439,0.0
4.44,0.0
4.441,0.0
4.442,0.0
4.4430000000000005,0.0
4.444,0.0
4.445,0.0
4.446,0.0
4.447,0.0
4.448,0.0
4.449,0.0
4.45,0.0
4.4510000000000005,0.0
4.452,0.0
4.453,0.0
4.454,0.0
4.455,0.0
4.456,0.0
4.457,0.0
4.458,0.0
4.4590000000000005,0.0
4.46,0.0
4.461,0.0
4.462,0.0
4.463,0.0
4.464,0.0
4.465,0.0
4.466,0.0
4.4670000000000005,0.0
4.468,0.0
4.469,0.0
4.47,0.0
4.471,0.0
4.472,0.0
4.473,0.0
4.474,0.0
4.4750000000000005,0.0
4.476,0.0
4.477,0.0
4.478,0.0
4.479,0.0
4.48,0.0
4.481,0.0
4.482,0.0
4.483,0.0
4.484,0.0
4.485,0.0
4.486,0.0
4.487,0.0
4.488,0.0
4.489,0.0
4.49,0.0
4.491,0.0
4.492,0.0
4.493,0.0
4.494,0.0
4.495,0.0
4.496,0.0
4.497,0.0
4.498,0.0
4.499,0.0
4.5,0.0
4.501,0.0
4.502,0.0
4.503,0.0
4.5040000000000004,0.0
4.505,0.0
4.506,0.0
4.507,0.0
4.508,0.0
4.509,0.0
4.51,0.0
4.511,0.0
4.5120000000000005,0.0
4.513,0.0
4.514,0.0
4.515,0.0
4.516,0.0
4.517,0.0
4.518,0.0
4.519,0.0
4.5200000000000005,0.0
4.521,0.0
4.522,0.0
4.523,0.0
4.524,0.0
4.525,0.0
4.526,0.0
4.527,0.0
4.5280000000000005,0.0
4.529,0.0
4.53,0.0
4.531,0.0
4.532,0.0
4.533,0.0
4.534,0.0
4.535,0.0
4.5360000000000005,0.0
4.537,0.0
4.538,0.0
4.539,0.0
4.54,0.0
4.541,0.0
4.542,0.0
4.543,0.0
4.5440000000000005,0.0
4.545,0.0
4.546,0.0
4.547,0.0
4.548,0.0
4.549,0.0
4.55,0.0
4.551,0.0
4.5520000000000005,0.0
4.553,0.0
4.554,0.0
4.555,0.0
4.556,0.0
4.557,0.0
4.558,0.0
4.559,0.0
4.5600000000000005,0.0
4.561,0.0
4.562,0.0
4.563,0.0
4.564,0.0
4.565,0.0
4.566,0.0
4.567,0.0
4.5680000000000005,0.0
4.569,0.0
4.57,0.0
4.571,0.0
4.572,0.0
4.573,0.0
4.574,0.0
4.575,0.0
4.5760000000000005,0.0
4.577,0.0
4.578,0.0
4.579,0.0
4.58,0.0
4.581,0.0
4.582,0.0
4.583,0.0
4.5840000000000005,0.0
4.585,0.0
4.586,0.0
4.587,0.0
4.588,0.0
4.589,0.0
4.59,0.0
4.591,0.0
4.5920000000000005,0.0
4.593,0.0
4.594,0.0
4.595,0.0
4.596,0.0
4.597,0.0
4.598,0.0
4.599,0.0
4.6000000000000005,0.0
4.601,0.0
4.602,0.0
4.603,0.0
4.604,0.0
4.605,0.0
4.606,0.0
4.607,0.0
4.6080000000000005,0.0
4.609,0.0
4.61,0.0
4.611,0.0
4.612,0.0
4.613,0.0
4.614,0.0
4.615,0.0
4.616,0.0
4.617,0.0
4.618,0.0
4.619,0.0
4.62,0.0
4.621,0.0
4.622,0.0
4.623,0.0
4.624,0.0
4.625,0.0
4.626,0.0
4.627,0.0
4.628,0.0
4.6290000000000004,0.0
4.63,0.0
4.631,0.0
4.632,0.0
4.633,0.0
4.634,0.0
4.635,0.0
4.636,0.0
4.6370000000000005,0.0
4.638,0.0
4.639,0.0
4.64,0.0
4.641,0.0
4.642,0.0
4.643,0.0
4.644,0.0
4.6450000000000005,0.0
4.646,0.0
4.647,0.0
4.648,0.0
4.649,0.0
4.65,0.0
4.651,0.0
4.652,0.0
4.6530000000000005,0.0
4.654,0.0
4.655,0.0
4.656,0.0
4.657,0.0
4.658,0.0
4.659,0.0
4.66,0.0
4.6610000000000005,0.0
4.662,0.0
4.663,0.0
4.664,0.0
4.665,0.0
4.666,0.0
4.667,0.0
4.668,0.0
4.6690000000000005,0.0
4.67,0.0
4.671,0.0
4.672,0.0
4.673,0.0
4.674,0.0
4.675,0.0
4.676,0.0
4.6770000000000005,0.0
4.678,0.0
4.679,0.0
4.68,0.0
4.681,0.0
4.682,0.0
4.683,0.0
4.684,0.0
4.6850000000000005,0.0
4.686,0.0
4.687,0.0
4.688,0.0
4.689,0.0
4.69,0.0
4.691,0.0
4.692,0.0
4.6930000000000005,0.0
4.694,0.0
4.695,0.0
4.696,0.0
4.697,0.0
4.698,0.0
4.699,0.0
4.7,0.0
4.7010000000000005,0.0
4.702,0.0
4.703,0.0
4.704,0.0
4.705,0.0
4.706,0.0
4.707,0.0
4.708,0.0
4.7090000000000005,0.0
4.71,0.0
4.711,0.0
4.712,0.0
4.713,0.0
4.714,0.0
4.715,0.0
4.716,0.0
4.7170000000000005,0.0
4.718,0.0
4.719,0.0
4.72,0.0
4.721,0.0
4.722,0.0
4.723,0.0
4.724,0.0
4.7250000000000005,0.0
4.726,0.0
4.727,0.0
4.728,0.0
4.729,0.0
4.73,0.0
4.731,0.0
4.732,0.0
4.7330000000000005,0.0
4.734,0.0
4.735,0.0
4.736,0.0
4.737,0.0
4.738,0.0
4.739,0.0
4.74,0.0
4.741,0.0
4.742,0.0
4.743,0.0
4.744,0.0
4.745,0.0
4.746,0.0
4.747,0.0
4.748,0.0
4.749,0.0
4.75,0.0
4.751,0.0
4.752,0.0
4.753,0.0
4.7540000000000004,0.0
4.755,0.0
4.756,0.0
4.757,0.0
4.758,0.0
4.759,0.0
4.76,0.0
4.761,0.0
4.7620000000000005,0.0
4.763,0.0
4.764,0.0
4.765,0.0
4.766,0.0
4.767,0.0
4.768,0.0
4.769,0.0
4.7700000000000005,0.0
4.771,0.0
4.772,0.0
4.773,0.0
4.774,0.0
4.775,0.0
4.776,0.0
4.777,0.0
4.7780000000000005,0.0
4.779,0.0
4.78,0.0
4.781,0.0
4.782,0.0
4.783,0.0
4.784,0.0
4.785,0.0
4.7860000000000005,0.0
4.787,0.0
4.788,0.0
4.789,0.0
4.79,0.0
4.791,0.0
4.792,0.0
4.793,0.0
4.7940000000000005,0.0
4.795,0.0
4.796,0.0
4.797,0.0
4.798,0.0
4.799,0.0
4.8,0.0
4.801,0.0
4.8020000000000005,0.0
4.803,0.0
4.804,0.0
4.805,0.0
4.806,0.0
4.807,0.0
4.808,0.0
4.809,0.0
4.8100000000000005,0.0
4.811,0.0
4.812,0.0
4.813,0.0
4.814,0.0
4.815,0.0
4.816,0.0
4.817,0.0
4.8180000000000005,0.0
4.819,0.0
4.82,0.0
4.821,0.0
4.822,0.0
4.823,0.0
4.824,0.0
4.825,0.0
4.8260000000000005,0.0
4.827,0.0
4.828,0.0
4.829,0.0
4.83,0.0
4.831,0.0
4.832,0.0
4.833,0.0
4.8340000000000005,0.0
4.835,0.0
4.836,0.0
4.837,0.0
4.838,0.0
4.839,0.0
4.84,0.0
4.841,0.0
4.8420000000000005,0.0
4.843,0.0
4.844,0.0
4.845,0.0
4.846,0.0
4.847,0.0
4.848,0.0
4.849,0.0
4.8500000000000005,0.0
4.851,0.0
4.852,0.0
4.853,0.0
4.854,0.0
4.855,0.0
4.856,0.0
4.857,0.0
4.8580000000000005,0.0
4.859,0.0
4.86,0.0
4.861,0.0
4.862,0.0
4.863,0.0
4.864,0.0
4.865,0.0
4.866,0.0
4.867,0.0
4.868,0.0
4.869,0.0
4.87,0.0
4.871,0.0
4.872,0.0
4.873,0.0
4.874,0.0
4.875,0.0
4.876,0.0
4.877,0.0
4.878,0.0
4.8790000000000004,0.0
4.88,0.0
4.881,0.0
4.882,0.0
4.883,0.0
4.884,0.0
4.885,0.0
4.886,0.0
4.8870000000000005,0.0
4.888,0.0
4.889,0.0
4.89,0.0
4.891,0.0
4.892,0.0
4.893,0.0
4.894,0.0
4.8950000000000005,0.0
4.896,0.0
4.897,0.0
4.898,0.0
4.899,0.0
4.9,0.0
4.901,0.0
4.902,0.0
4.9030000000000005,0.0
4.904,0.0
4.905,0.0
4.906,0.0
4.907,0.0
4.908,0.0
4.909,0.0
4.91,0.0
4.9110000000000005,0.0
4.912,0.0
4.913,0.0
4.914,0.0
4.915,0.0
4.916,0.0
4.917,0.0
4.918,0.0
4.9190000000000005,0.0
4.92,0.0
4.921,0.0
4.922,0.0
4.923,0.0
4.924,0.0
4.925,0.0
4.926,0.0
4.9270000000000005,0.0
4.928,0.0
4.929,0.0
4.93,0.0
4.931,0.0
4.932,0.0
4.933,0.0
4.934,0.0
4.9350000000000005,0.0
4.936,0.0
4.937,0.0
4.938,0.0
4.939,0.0
4.94,0.0
4.941,0.0
4.942,0.0
4.9430000000000005,0.0
4.944,0.0
4.945,0.0
4.946,0.0
4.947,0.0
4.948,0.0
4.949,0.0
4.95,0.0
4.9510000000000005,0.0
4.952,0.0
4.953,0.0
4.954,0.0
4.955,0.0
4.956,0.0
4.957,0.0
4.958,0.0
4.9590000000000005,0.0
4.96,0.0
4.961,0.0
4.962,0.0
4.963,0.0
4.964,0.0
4.965,0.0
4.966,0.0
4.9670000000000005,0.0
4.968,0.0
4.969,0.0
4.97,0.0
4.971,0.0
4.972,0.0
4.973,0.0
4.974,0.0
4.9750000000000005,0.0
4.976,0.0
4.977,0.0
4.978,0.0
4.979,0.0
4.98,0.0
4.981,0.0
4.982,0.0
4.9830000000000005,0.0
4.984,0.0
4.985,0.0
4.986,0.0
4.987,0.0
4.988,0.0
4.989,0.0
4.99,0.0
4.9910000000000005,0.0
4.992,0.0
4.993,0.0
4.994,0.0
4.995,0.0
4.996,0.0
4.997,0.0
4.998,0.0
4.999,0.0
5.0,0.0
5.001,0.0
5.002,0.0
5.003,0.0
5.0040000000000004,0.0
5.005,0.0
5.006,0.0
5.007,0.0
5.008,0.0
5.009,0.0
5.01,0.0
5.011,0.0
5.0120000000000005,0.0
5.013,0.0
5.014,0.0
5.015,0.0
5.016,0.0
5.017,0.0
5.018,0.0
5.019,0.0
5.0200000000000005,0.0
5.021,0.0
5.022,0.0
5.023,0.0
5.024,0.0
5.025,0.0
5.026,0.0
5.027,0.0
5.0280000000000005,0.0
5.029,0.0
5.03,0.0
5.031,0.0
5.032,0.0
5.033,0.0
5.034,0.0
5.035,0.0
5.0360000000000005,0.0
5.037,0.0
5.038,0.0
5.039,0.0
5.04,0.0
5.041,0.0
5.042,0.0
5.043,0.0
5.0440000000000005,0.0
5.045,0.0
5.046,0.0
5.047,0.0
5.048,0.0
5.049,0.0
5.05,0.0
5.051,0.0
5.0520000000000005,0.0
5.053,0.0
5.054,0.0
5.055,0.0
5.056,0.0
5.057,0.0
5.058,0.0
5.059,0.0
5.0600000000000005,0.0
5.061,0.0
5.062,0.0
5.063,0.0
5.064,0.0
5.065,0.0
5.066,0.0
5.067,0.0
5.0680000000000005,0.0
5.069,0.0
5.07,0.0
5.071,0.0
5.072,0.0
5.073,0.0
5.074,0.0
5.075,0.0
5.0760000000000005,0.0
5.077,0.0
5.078,0.0
5.079,0.0
5.08,0.0
5.081,0.0
5.082,0.0
5.083,0.0
5.0840000000000005,0.0
5.085,0.0
5.086,0.0
5.087,0.0
5.088,0.0
5.089,0.0
5.09,0.0
5.091,0.0
5.0920000000000005,0.0
5.093,0.0
5.094,0.0
5.095,0.0
5.096,0.0
5.097,0.0
5.098,0.0
5.099,0.0
5.1000000000000005,0.0
5.101,0.0
5.102,0.0
5.103,0.0
5.104,0.0
5.105,0.0
5.106,0.0
5.107,0.0
5.1080000000000005,0.0
5.109,0.0
5.11,0.0
5.111,0.0
5.112,0.0
5.113,0.0
5.114,0.0
5.115,0.0
5.1160000000000005,0.0
5.117,0.0
5.118,0.0
5.119,0.0
5.12,0.0
5.121,0.0
5.122,0.0
5.123,0.0
5.124,0.0
5.125,0.0
5.126,0.0
5.127,0.0
5.128,0.0
5.1290000000000004,0.0
5.13,0.0
5.131,0.0
5.132,0.0
5.133,0.0
5.134,0.0
5.135,0.0
5.136,0.0
5.1370000000000005,0.0
5.138,0.0
5.139,0.0
5.14,0.0
5.141,0.0
5.142,0.0
5.143,0.0
5.144,0.0
5.1450000000000005,0.0
5.146,0.0
5.147,0.0
5.148,0.0
5.149,0.0
5.15,0.0
5.151,0.0
5.152,0.0
5.1530000000000005,0.0
5.154,0.0
5.155,0.0
5.156,0.0
5.157,0.0
5.158,0.0
5.159,0.0
5.16,0.0
5.1610000000000005,0.0
5.162,0.0
5.163,0.0
5.164,0.0
5.165,0.0
5.166,0.0
5.167,0.0
5.168,0.0
5.1690000000000005,0.0
5.17,0.0
5.171,0.0
5.172,0.0
5.173,0.0
5.174,0.0
5.175,0.0
5.176,0.0
5.1770000000000005,0.0
5.178,0.0
5.179,0.0
5.18,0.0
5.181,0.0
5.182,0.0
5.183,0.0
5.184,0.0
5.1850000000000005,0.0
5.186,0.0
5.187,0.0
5.188,0.0
5.189,0.0
5.19,0.0
5.191,0.0
5.192,0.0
5.1930000000000005,0.0
5.194,0.0
5.195,0.0
5.196,0.0
5.197,0.0
5.198,0.0
5.199,0.0
5.2,0.0
5.2010000000000005,0.0
5.202,0.0
5.203,0.0
5.204,0.0
5.205,0.0
5.206,0.0
5.207,0.0
5.208,0.0
5.2090000000000005,0.0
5.21,0.0
5.211,0.0
5.212,0.0
5.213,0.0
5.214,0.0
5.215,0.0
5.216,0.0
5.2170000000000005,0.0
5.218,0.0
5.219,0.0
5.22,0.0
5.221,0.0
5.222,0.0
5.223,0.0
5.224,0.0
5.2250000000000005,0.0
5.226,0.0
5.227,0.0
5.228,0.0
5.229,0.0
5.23,0.0
5.231,0.0
5.232,0.0
5.2330000000000005,0.0
5.234,0.0
5.235,0.0
5.236,0.0
5.237,0.0
5.238,0.0
5.239,0.0
5.24,0.0
5.2410000000000005,0.0
5.242,0.0
5.243,0.0
5.244,0.0
5.245,0.0
5.246,0.0
5.247,0.0
5.248,0.0
5.249,0.0
5.25,0.0
5.251,0.0
5.252,0.0
5.253,0.0
5.2540000000000004,0.0
5.255,0.0
5.256,0.0
5.257,0.0
5.258,0.0
5.259,0.0
5.26,0.0
5.261,0.0
5.2620000000000005,0.0
5.263,0.0
5.264,0.0
5.265,0.0
5.266,0.0
5.267,0.0
5.268,0.0
5.269,0.0
5.2700000000000005,0.0
5.271,0.0
5.272,0.0
5.273,0.0
5.274,0.0
5.275,0.0
5.276,0.0
5.277,0.0
5.2780000000000005,0.0
5.279,0.0
5.28,0.0
5.281,0.0
5.282,0.0
5.283,0.0
5.284,0.0
5.285,0.0
5.2860000000000005,0.0
5.287,0.0
5.288,0.0
5.289,0.0
5.29,0.0
5.291,0.0
5.292,0.0
5.293,0.0
5.2940000000000005,0.0
5.295,0.0
5.296,0.0
5.297,0.0
5.298,0.0
5.299,0.0
5.3,0.0
5.301,0.0
5.3020000000000005,0.0
5.303,0.0
5.304,0.0
5.305,0.0
5.306,0.0
5.307,0.0
5.308,0.0
5.309,0.0
5.3100000000000005,0.0
5.311,0.0
5.312,0.0
5.313,0.0
5.314,0.0
5.315,0.0
5.316,0.0
5.317,0.0
5.3180000000000005,0.0
5.319,0.0
5.32,0.0
5.321,0.0
5.322,0.0
5.323,0.0
5.324,0.0
5.325,0.0
5.3260000000000005,0.0
5.327,0.0
5.328,0.0
5.329,0.0
5.33,0.0
5.331,0.0
5.332,0.0
5.333,0.0
5.3340000000000005,0.0
5.335,0.0
5.336,0.0
5.337,0.0
5.338,0.0
5.339,0.0
5.34,0.0
5.341,0.0
5.3420000000000005,0.0
5.343,0.0
5.344,0.0
5.345,0.0
5.346,0.0
5.347,0.0
5.348,0.0
5.349,0.0
5.3500000000000005,0.0
5.351,0.0
5.352,0.0
5.353,0.0
5.354,0.0
5.355,0.0
5.356,0.0
5.357,0.0
5.3580000000000005,0.0
5.359,0.0
5.36,0.0
5.361,0.0
5.362,0.0
5.363,0.0
5.364,0.0
5.365,0.0
5.3660000000000005,0.0
5.367,0.0
5.368,0.0
5.369,0.0
5.37,0.0
5.371,0.0
5.372,0.0
5.373,0.0
5.3740000000000006,0.0
5.375,0.0
5.376,0.0
5.377,0.0
5.378,0.0
5.3790000000000004,0.0
5.38,0.0
5.381,0.0
5.382,0.0
5.383,0.0
5.384,0.0
5.385,0.0
5.386,0.0
5.3870000000000005,0.0
5.388,0.0
5.389,0.0
5.39,0.0
5.391,0.0
5.392,0.0
5.393,0.0
5.394,0.0
5.3950000000000005,0.0
5.396,0.0
5.397,0.0
5.398,0.0
5.399,0.0
5.4,0.0
5.401,0.0
5.402,0.0
5.4030000000000005,0.0
5.404,0.0
5.405,0.0
5.406,0.0
5.407,0.0
5.408,0.0
5.409,0.0
5.41,0.0
5.4110000000000005,0.0
5.412,0.0
5.413,0.0
5.414,0.0
5.415,0.0
5.416,0.0
5.417,0.0
5.418,0.0
5.4190000000000005,0.0
5.42,0.0
5.421,0.0
5.422,0.0
5.423,0.0
5.424,0.0
5.425,0.0
5.426,0.0
5.4270000000000005,0.0
5.428,0.0
5.429,0.0
5.43,0.0
5.431,0.0
5.432,0.0
5.433,0.0
5.434,0.0
5.4350000000000005,0.0
5.436,0.0
5.437,0.0
5.438,0.0
5.439,0.0
5.44,0.0
5.441,0.0
5.442,0.0
5.4430000000000005,0.0
5.444,0.0
5.445,0.0
5.446,0.0
5.447,0.0
5.448,0.0
5.449,0.0
5.45,0.0
5.4510000000000005,0.0
5.452,0.0
5.453,0.0
5.454,0.0
5.455,0.0
5.456,0.0
5.457,0.0
5.458,0.0
5.4590000000000005,0.0
5.46,0.0
5.461,0.0
5.462,0.0
5.463,0.0
5.464,0.0
5.465,0.0
5.466,0.0
5.4670000000000005,0.0
5.468,0.0
5.469,0.0
5.47,0.0
5.471,0.0
5.472,0.0
5.473,0.0
5.474,0.0
5.4750000000000005,0.0
5.476,0.0
5.477,0.0
5.478,0.0
5.479,0.0
5.48,0.0
5.481,0.0
5.482,0.0
5.4830000000000005,0.0
5.484,0.0
5.485,0.0
5.486,0.0
5.487,0.0
5.488,0.0
5.489,0.0
5.49,0.0
5.4910000000000005,0.0
5.492,0.0
5.493,0.0
5.494,0.0
5.495,0.0
5.496,0.0
5.497,0.0
5.498,0.0
5.4990000000000006,0.0
5.5,0.0
5.501,0.0
5.502,0.0
5.503,0.0
5.5040000000000004,0.0
5.505,0.0
5.506,0.0
5.507,0.0
5.508,0.0
5.509,0.0
5.51,0.0
5.511,0.0
5.5120000000000005,0.0
5.513,0.0
5.514,0.0
5.515,0.0
5.516,0.0
5.517,0.0
5.518,0.0
5.519,0.0
5.5200000000000005,0.0
5.521,0.0
5.522,0.0
5.523,0.0
5.524,0.0
5.525,0.0
5.526,0.0
5.527,0.0
5.5280000000000005,0.0
5.529,0.0
5.53,0.0
5.531,0.0
5.532,0.0
5.533,0.0
5.534,0.0
5.535,0.0
5.5360000000000005,0.0
5.537,0.0
5.538,0.0
5.539,0.0
5.54,0.0
5.541,0.0
5.542,0.0
5.543,0.0
5.5440000000000005,0.0
5.545,0.0
5.546,0.0
5.547,0.0
5.548,0.0
5.549,0.0
5.55,0.0
5.551,0.0
5.5520000000000005,0.0
5.553,0.0
5.554,0.0
5.555,0.0
5.556,0.0
5.557,0.0
5.558,0.0
5.559,0.0
5.5600000000000005,0.0
5.561,0.0
5.562,0.0
5.563,0.0
5.564,0.0
5.565,0.0
5.566,0.0
5.567,0.0
5.5680000000000005,0.0
5.569,0.0
5.57,0.0
5.571,0.0
5.572,0.0
5.573,0.0
5.574,0.0
5.575,0.0
5.5760000000000005,0.0
5.577,0.0
5.578,0.0
5.579,0.0
5.58,0.0
5.581,0.0
5.582,0.0
5.583,0.0
5.5840000000000005,0.0
5.585,0.0
5.586,0.0
5.587,0.0
5.588,0.0
5.589,0.0
5.59,0.0
5.591,0.0
5.5920000000000005,0.0
5.593,0.0
5.594,0.0
5.595,0.0
5.596,0.0
5.597,0.0
5.598,0.0
5.599,0.0
5.6000000000000005,0.0
5.601,0.0
5.602,0.0
5.603,0.0
5.604,0.0
5.605,0.0
5.606,0.0
5.607,0.0
5.6080000000000005,0.0
5.609,0.0
5.61,0.0
5.611,0.0
5.612,0.0
5.613,0.0
5.614,0.0
5.615,0.0
5.6160000000000005,0.0
5.617,0.0
5.618,0.0
5.619,0.0
5.62,0.0
5.621,0.0
5.622,0.0
5.623,0.0
5.6240000000000006,0.0
5.625,0.0
5.626,0.0
5.627,0.0
5.628,0.0
5.6290000000000004,0.0
5.63,0.0
5.631,0.0
5.632,0.0
5.633,0.0
5.634,0.0
5.635,0.0
5.636,0.0
5.6370000000000005,0.0
5.638,0.0
5.639,0.0
5.64,0.0
5.641,0.0
5.642,0.0
5.643,0.0
5.644,0.0
5.6450000000000005,0.0
5.646,0.0
5.647,0.0
5.648,0.0
5.649,0.0
5.65,0.0
5.651,0.0
5.652,0.0
5.6530000000000005,0.0
5.654,0.0
5.655,0.0
5.656,0.0
5.657,0.0
5.658,0.0
5.659,0.0
5.66,0.0
5.6610000000000005,0.0
5.662,0.0
5.663,0.0
5.664,0.0
5.665,0.0
5.666,0.0
5.667,0.0
5.668,0.0
5.6690000000000005,0.0
5.67,0.0
5.671,0.0
5.672,0.0
5.673,0.0
5.674,0.0
5.675,0.0
5.676,0.0
5.6770000000000005,0.0
5.678,0.0
5.679,0.0
5.68,0.0
5.681,0.0
5.682,0.0
5.683,0.0
5.684,0.0
5.6850000000000005,0.0
5.686,0.0
5.687,0.0
5.688,0.0
5.689,0.0
5.69,0.0
5.691,0.0
5.692,0.0
5.6930000000000005,0.0
5.694,0.0
5.695,0.0
5.696,0.0
5.697,0.0
5.698,0.0
5.699,0.0
5.7,0.0
5.7010000000000005,0.0
5.702,0.0
5.703,0.0
5.704,0.0
5.705,0.0
5.706,0.0
5.707,0.0
5.708,0.0
5.7090000000000005,0.0
5.71,0.0
5.711,0.0
5.712,0.0
5.713,0.0
5.714,0.0
5.715,0.0
5.716,0.0
5.7170000000000005,0.0
5.718,0.0
5.719,0.0
5.72,0.0
5.721,0.0
5.722,0.0
5.723,0.0
5.724,0.0
5.7250000000000005,0.0
5.726,0.0
5.727,0.0
5.728,0.0
5.729,0.0
5.73,0.0
5.731,0.0
5.732,0.0
5.7330000000000005,0.0
5.734,0.0
5.735,0.0
5.736,0.0
5.737,0.0
5.738,0.0
5.739,0.0
5.74,0.0
5.7410000000000005,0.0
5.742,0.0
5.743,0.0
5.744,0.0
5.745,0.0
5.746,0.0
5.747,0.0
5.748,0.0
5.7490000000000006,0.0
5.75,0.0
5.751,0.0
5.752,0.0
5.753,0.0
5.7540000000000004,0.0
5.755,0.0
5.756,0.0
5.757000000000001,0.0
5.758,0.0
5.759,0.0
5.76,0.0
5.761,0.0
5.7620000000000005,0.0
5.763,0.0
5.764,0.0
5.765,0.0
5.766,0.0
5.767,0.0
5.768,0.0
5.769,0.0
5.7700000000000005,0.0
5.771,0.0
5.772,0.0
5.773,0.0
5.774,0.0
5.775,0.0
5.776,0.0
5.777,0.0
5.7780000000000005,0.0
5.779,0.0
5.78,0.0
5.781,0.0
5.782,0.0
5.783,0.0
5.784,0.0
5.785,0.0
5.7860000000000005,0.0
5.787,0.0
5.788,0.0
5.789,0.0
5.79,0.0
5.791,0.0
5.792,0.0
5.793,0.0
5.7940000000000005,0.0
5.795,0.0
5.796,0.0
5.797,0.0
5.798,0.0
5.799,0.0
5.8,0.0
5.801,0.0
5.8020000000000005,0.0
5.803,0.0
5.804,0.0
5.805,0.0
5.806,0.0
5.807,0.0
5.808,0.0
5.809,0.0
5.8100000000000005,0.0
5.811,0.0
5.812,0.0
5.813,0.0
5.814,0.0
5.815,0.0
5.816,0.0
5.817,0.0
5.8180000000000005,0.0
5.819,0.0
5.82,0.0
5.821,0.0
5.822,0.0
5.823,0.0
5.824,0.0
5.825,0.0
5.8260000000000005,0.0
5.827,0.0
5.828,0.0
5.829,0.0
5.83,0.0
5.831,0.0
5.832,0.0
5.833,0.0
5.8340000000000005,0.0
5.835,0.0
5.836,0.0
5.837,0.0
5.838,0.0
5.839,0.0
5.84,0.0
5.841,0.0
5.8420000000000005,0.0
5.843,0.0
5.844,0.0
5.845,0.0
5.846,0.0
5.847,0.0
5.848,0.0
5.849,0.0
5.8500000000000005,0.0
5.851,0.0
5.852,0.0
5.853,0.0
5.854,0.0
5.855,0.0
5.856,0.0
5.857,0.0
5.8580000000000005,0.0
5.859,0.0
5.86,0.0
5.861,0.0
5.862,0.0
5.863,0.0
5.864,0.0
5.865,0.0
5.8660000000000005,0.0
5.867,0.0
5.868,0.0
5.869,0.0
5.87,0.0
5.871,0.0
5.872,0.0
5.873,0.0
5.8740000000000006,0.0
5.875,0.0
5.876,0.0
5.877,0.0
5.878,0.0
5.8790000000000004,0.0
5.88,0.0
5.881,0.0
5.882000000000001,0.0
5.883,0.0
5.884,0.0
5.885,0.0
5.886,0.0
5.8870000000000005,0.0
5.888,0.0
5.889,0.0
5.89,0.0
5.891,0.0
5.892,0.0
5.893,0.0
5.894,0.0
5.8950000000000005,0.0
5.896,0.0
5.897,0.0
5.898,0.0
5.899,0.0
5.9,0.0
5.901,0.0
5.902,0.0
5.9030000000000005,0.0
5.904,0.0
5.905,0.0
5.906,0.0
5.907,0.0
5.908,0.0
5.909,0.0
5.91,0.0
5.9110000000000005,0.0
5.912,0.0
5.913,0.0
5.914,0.0
5.915,0.0
5.916,0.0
5.917,0.0
5.918,0.0
5.9190000000000005,0.0
5.92,0.0
5.921,0.0
5.922,0.0
5.923,0.0
5.924,0.0
5.925,0.0
5.926,0.0
5.9270000000000005,0.0
5.928,0.0
5.929,0.0
5.93,0.0
5.931,0.0
5.932,0.0
5.933,0.0
5.934,0.0
5.9350000000000005,0.0
5.936,0.0
5.937,0.0
5.938,0.0
5.939,0.0
5.94,0.0
5.941,0.0
5.942,0.0
5.9430000000000005,0.0
5.944,0.0
5.945,0.0
5.946,0.0
5.947,0.0
5.948,0.0
5.949,0.0
5.95,0.0
5.9510000000000005,0.0
5.952,0.0
5.953,0.0
5.954,0.0
5.955,0.0
5.956,0.0
5.957,0.0
5.958,0.0
5.9590000000000005,0.0
5.96,0.0
5.961,0.0
5.962,0.0
5.963,0.0
5.964,0.0
5.965,0.0
5.966,0.0
5.9670000000000005,0.0
5.968,0.0
5.969,0.0
5.97,0.0
5.971,0.0
5.972,0.0
5.973,0.0
5.974,0.0
5.9750000000000005,0.0
5.976,0.0
5.977,0.0
5.978,0.0
5.979,0.0
5.98,0.0
5.981,0.0
5.982,0.0
5.9830000000000005,0.0
5.984,0.0
5.985,0.0
5.986,0.0
5.987,0.0
5.988,0.0
5.989,0.0
5.99,0.0
5.9910000000000005,0.0
5.992,0.0
5.993,0.0
5.994,0.0
5.995,0.0
5.996,0.0
5.997,0.0
5.998,0.0
5.9990000000000006,0.0
6.0,0.0
6.001,0.0
6.002,0.0
6.003,0.0
6.0040000000000004,0.0
6.005,0.0
6.006,0.0
6.007000000000001,0.0
6.008,0.0
6.009,0.0
6.01,0.0
6.011,0.0
6.0120000000000005,0.0
6.013,0.0
6.014,0.0
6.015000000000001,0.0
6.016,0.0
6.017,0.0
6.018,0.0
6.019,0.0
6.0200000000000005,0.0
6.021,0.0
6.022,0.0
6.023,0.0
6.024,0.0
6.025,0.0
6.026,0.0
6.027,0.0
6.0280000000000005,0.0
6.029,0.0
6.03,0.0
6.031,0.0
6.032,0.0
6.033,0.0
6.034,0.0
6.035,0.0
6.0360000000000005,0.0
6.037,0.0
6.038,0.0
6.039,0.0
6.04,0.0
6.041,0.0
6.042,0.0
6.043,0.0
6.0440000000000005,0.0
6.045,0.0
6.046,0.0
6.047,0.0
6.048,0.0
6.049,0.0
6.05,0.0
6.051,0.0
6.0520000000000005,0.0
6.053,0.0
6.054,0.0
6.055,0.0
6.056,0.0
6.057,0.0
6.058,0.0
6.059,0.0
6.0600000000000005,0.0
6.061,0.0
6.062,0.0
6.063,0.0
6.064,0.0
6.065,0.0
6.066,0.0
6.067,0.0
6.0680000000000005,0.0
6.069,0.0
6.07,0.0
6.071,0.0
6.072,0.0
6.073,0.0
6.074,0.0
6.075,0.0
6.0760000000000005,0.0
6.077,0.0
6.078,0.0
6.079,0.0
6.08,0.0
6.081,0.0
6.082,0.0
6.083,0.0
6.0840000000000005,0.0
6.085,0.0
6.086,0.0
6.087,0.0
6.088,0.0
6.089,0.0
6.09,0.0
6.091,0.0
6.0920000000000005,0.0
6.093,0.0
6.094,0.0
6.095,0.0
6.096,0.0
6.097,0.0
6.098,0.0
6.099,0.0
6.1000000000000005,0.0
6.101,0.0
6.102,0.0
6.103,0.0
6.104,0.0
6.105,0.0
6.106,0.0
6.107,0.0
6.1080000000000005,0.0
6.109,0.0
6.11,0.0
6.111,0.0
6.112,0.0
6.113,0.0
6.114,0.0
6.115,0.0
6.1160000000000005,0.0
6.117,0.0
6.118,0.0
6.119,0.0
6.12,0.0
6.121,0.0
6.122,0.0
6.123,0.0
6.1240000000000006,0.0
6.125,0.0
6.126,0.0
6.127,0.0
6.128,0.0
6.1290000000000004,0.0
6.13,0.0
6.131,0.0
6.132000000000001,0.0
6.133,0.0
6.134,0.0
6.135,0.0
6.136,0.0
6.1370000000000005,0.0
6.138,0.0
6.139,0.0
6.140000000000001,0.0
6.141,0.0
6.142,0.0
6.143,0.0
6.144,0.0
6.1450000000000005,0.0
6.146,0.0
6.147,0.0
6.148,0.0
6.149,0.0
6.15,0.0
6.151,0.0
6.152,0.0
6.1530000000000005,0.0
