epoch,time,train/box_loss,train/cls_loss,train/dfl_loss,metrics/precision(B),metrics/recall(B),metrics/mAP50(B),metrics/mAP50-95(B),val/box_loss,val/cls_loss,val/dfl_loss,lr/pg0,lr/pg1,lr/pg2
1,1.55048,1.11301,4.3493,1.76461,0.00422,1,0.32876,0.16276,0.84588,3.46329,1.79379,8.335e-05,8.335e-05,8.335e-05
2,2.54706,0.92053,3.69923,1.61717,0.00543,1,0.78442,0.52983,0.66028,3.18554,1.51513,0.000183007,0.000183007,0.000183007
3,3.56668,0.76222,2.86555,1.43154,0.00485,1,0.68712,0.56889,0.48802,3.17111,1.37278,0.000282268,0.000282268,0.000282268
4,4.54913,0.73395,2.71644,1.43508,0.00625,1,0.78336,0.55725,0.65264,3.16953,1.49058,0.000381133,0.000381133,0.000381133
5,5.53196,0.76597,2.77606,1.43769,0.00511,1,0.82825,0.62224,0.6458,3.08463,1.60009,0.000479601,0.000479601,0.000479601
6,6.51771,0.73264,2.5315,1.40103,0.63293,0.69068,0.88785,0.67408,0.83046,2.90959,1.86046,0.000577674,0.000577674,0.000577674
7,7.50462,0.66305,2.54802,1.3567,0.29169,0.35714,0.43505,0.35855,0.77284,2.88799,1.63553,0.00067535,0.00067535,0.00067535
8,8.48724,0.67859,2.29856,1.34357,0.50422,0.45238,0.39476,0.3186,0.95447,2.64487,1.88557,0.000772631,0.000772631,0.000772631
9,9.46533,0.67607,2.18492,1.29152,0.87861,0.66429,0.77951,0.64204,0.82684,2.34725,1.92808,0.000869515,0.000869515,0.000869515
10,10.4144,0.71598,2.1935,1.41381,0.60807,0.65373,0.79279,0.58922,0.91953,2.54513,1.89735,0.000966003,0.000966003,0.000966003
11,11.3614,0.68422,2.04718,1.30329,0.67533,0.69048,0.7101,0.50185,0.99397,2.21926,1.97501,0.0010621,0.0010621,0.0010621
12,12.3085,0.6704,2.10364,1.31506,0.85778,0.61905,0.76097,0.38511,1.29474,2.74748,2.48656,0.00115779,0.00115779,0.00115779
13,13.2741,0.74691,2.13926,1.41886,0.55224,0.70238,0.45153,0.34243,1.36472,2.96687,2.91005,0.00125309,0.00125309,0.00125309
14,14.2224,0.68547,1.84867,1.28759,0.59874,0.70238,0.58332,0.42971,0.99615,3.63805,2.14145,0.001348,0.001348,0.001348
15,15.1651,0.67139,1.75107,1.40207,0.51728,0.8936,0.79787,0.54883,0.92298,2.38576,1.76901,0.0014425,0.0014425,0.0014425
16,16.1015,0.66909,1.615,1.32949,0.82417,0.72337,0.90278,0.73659,0.75019,2.05737,1.95939,0.00153662,0.00153662,0.00153662
17,17.0392,0.67145,1.62563,1.32446,0.68188,0.70238,0.70404,0.58898,0.68012,2.88915,1.59358,0.00161419,0.00161419,0.00161419
18,17.9739,0.66154,1.58454,1.26112,0.67568,0.70238,0.57475,0.46678,0.89287,3.46421,1.90236,0.00161089,0.00161089,0.00161089
19,18.8957,0.63676,1.59117,1.26981,0.58207,0.78571,0.79202,0.61489,1.0436,4.98771,2.36699,0.00160759,0.00160759,0.00160759
20,19.8333,0.64096,1.53947,1.31291,0.54687,0.78571,0.77739,0.59693,0.93849,4.32862,1.99408,0.00160429,0.00160429,0.00160429
21,20.761,0.61762,1.43541,1.24545,0.72393,0.75436,0.85627,0.65002,0.8791,2.71415,1.92981,0.00160099,0.00160099,0.00160099
22,21.6962,0.60449,1.412,1.27983,0.73046,0.70238,0.77611,0.65912,0.73473,1.76823,1.62715,0.00159769,0.00159769,0.00159769
23,22.624,0.62829,1.39453,1.25391,0.78432,0.78571,0.80608,0.68323,0.66808,1.71312,1.57354,0.00159439,0.00159439,0.00159439
24,23.5557,0.61855,1.53532,1.28974,0.9227,0.91667,0.92075,0.84459,0.60445,1.30809,1.39142,0.00159108,0.00159108,0.00159108
25,24.4905,0.67523,1.406,1.27638,0.79422,0.71185,0.91875,0.8373,0.51301,1.43091,1.26946,0.00158778,0.00158778,0.00158778
26,25.424,0.5973,1.36462,1.23792,0.7304,0.83261,0.83708,0.75367,0.54154,1.53679,1.32937,0.00158448,0.00158448,0.00158448
27,26.3507,0.56801,1.26052,1.24634,0.85988,0.60469,0.79331,0.71389,0.56208,1.72901,1.33435,0.00158118,0.00158118,0.00158118
28,27.2877,0.59769,1.31435,1.2333,0.54172,0.7363,0.58326,0.52153,0.52258,2.38214,1.27032,0.00157788,0.00157788,0.00157788
29,28.2144,0.60842,1.18284,1.22894,0.67862,0.75183,0.68888,0.6422,0.44871,1.95091,1.20428,0.00157458,0.00157458,0.00157458
30,29.1456,0.6586,1.21795,1.384,0.77494,0.70238,0.75491,0.62453,0.65925,2.31734,1.42689,0.00157128,0.00157128,0.00157128
31,30.074,0.64424,1.17624,1.25321,0.72857,0.69289,0.75663,0.67147,0.48949,1.74842,1.20037,0.00156798,0.00156798,0.00156798
32,31.0126,0.66227,1.17693,1.30269,0.88503,0.6929,0.78002,0.70753,0.43607,1.47038,1.15089,0.00156468,0.00156468,0.00156468
33,31.9418,0.57403,1.10233,1.25964,0.88815,0.68338,0.8214,0.67176,0.7051,1.54461,1.37213,0.00156138,0.00156138,0.00156138
34,32.8766,0.58339,1.12898,1.23096,0.84548,0.70238,0.87638,0.81493,0.42794,1.33365,1.08717,0.00155808,0.00155808,0.00155808
35,33.8032,0.56917,0.98479,1.22917,0.78605,0.70242,0.85911,0.76925,0.45192,1.5134,1.11864,0.00155478,0.00155478,0.00155478
36,34.7368,0.53398,0.98568,1.17031,0.76286,0.7946,0.86704,0.74541,0.66369,1.62546,1.3796,0.00155148,0.00155148,0.00155148
37,35.663,0.58103,1.09413,1.25179,0.89052,0.70238,0.83618,0.71553,0.61356,1.73305,1.33805,0.00154818,0.00154818,0.00154818
38,36.6046,0.62071,1.00141,1.21864,0.78497,0.77132,0.9053,0.83021,0.51025,1.2494,1.32173,0.00154488,0.00154488,0.00154488
39,37.5336,0.54044,0.95044,1.19721,0.8309,0.85152,0.90338,0.85876,0.45313,0.9605,1.22701,0.00154157,0.00154157,0.00154157
40,38.4741,0.55202,0.89857,1.18799,0.6847,0.94905,0.90405,0.81363,0.45497,1.10351,1.2348,0.00153827,0.00153827,0.00153827
41,39.3995,0.58984,0.88071,1.19527,0.83706,0.70238,0.92567,0.83983,0.42706,1.10411,1.19273,0.00153497,0.00153497,0.00153497
42,40.3332,0.51533,0.87497,1.1436,0.70107,0.70238,0.89026,0.82851,0.45845,1.38422,1.252,0.00153167,0.00153167,0.00153167
43,41.2594,0.52926,0.86424,1.15497,0.61679,0.79621,0.87155,0.80004,0.48923,1.32421,1.30296,0.00152837,0.00152837,0.00152837
44,42.1956,0.54938,0.84531,1.17778,0.65447,0.69562,0.67486,0.61022,0.44171,1.39826,1.18052,0.00152507,0.00152507,0.00152507
45,43.1253,0.51931,0.79621,1.14627,0.69177,0.69426,0.7653,0.70969,0.43958,1.34038,1.20202,0.00152177,0.00152177,0.00152177
46,44.0564,0.54577,0.81903,1.19532,0.91024,0.70238,0.88864,0.8214,0.49649,0.98094,1.31296,0.00151847,0.00151847,0.00151847
47,44.9807,0.54885,0.87352,1.16124,0.87645,0.70238,0.89883,0.8427,0.44044,0.96881,1.26507,0.00151517,0.00151517,0.00151517
48,45.9157,0.51693,0.80105,1.15544,0.75615,0.98387,0.94208,0.85232,0.42192,0.91008,1.23764,0.00151187,0.00151187,0.00151187
49,46.8469,0.53925,0.78682,1.14878,0.86462,0.84262,0.92875,0.85027,0.44829,0.77469,1.20512,0.00150857,0.00150857,0.00150857
50,47.7772,0.52014,0.78005,1.16696,0.89851,0.70238,0.92304,0.82906,0.43965,0.88564,1.14072,0.00150527,0.00150527,0.00150527
51,48.7015,0.489,0.71879,1.14707,0.80817,0.70238,0.90915,0.83144,0.3974,1.13459,1.03344,0.00150197,0.00150197,0.00150197
52,49.6346,0.58048,0.81935,1.20091,0.85405,0.81575,0.89262,0.77942,0.54936,1.01701,1.26479,0.00149867,0.00149867,0.00149867
53,50.5598,0.51477,0.73236,1.17034,0.78788,0.80846,0.88915,0.79494,0.44296,0.94084,1.17575,0.00149537,0.00149537,0.00149537
54,51.492,0.51874,0.72836,1.15463,0.87334,0.91667,0.88888,0.79982,0.42638,0.96633,1.12591,0.00149207,0.00149207,0.00149207
55,52.423,0.54849,0.72405,1.21875,0.894,0.91667,0.89134,0.82294,0.49221,0.86311,1.15248,0.00148876,0.00148876,0.00148876
56,53.3558,0.53806,0.66529,1.18919,0.78563,0.66769,0.86362,0.80874,0.38411,0.99944,1.01862,0.00148546,0.00148546,0.00148546
57,54.2853,0.4725,0.65751,1.12733,0.67618,0.84524,0.85177,0.78216,0.39514,1.04262,1.01455,0.00148216,0.00148216,0.00148216
58,55.2257,0.49866,0.68074,1.13378,0.82066,0.91667,0.87023,0.81883,0.38393,0.74489,1.05999,0.00147886,0.00147886,0.00147886
59,56.1527,0.4727,0.62062,1.11482,0.86131,0.72187,0.86374,0.82078,0.37136,0.91765,1.05519,0.00147556,0.00147556,0.00147556
60,57.0831,0.48687,0.58143,1.155,0.75142,0.70238,0.82101,0.76635,0.4447,1.18463,1.14935,0.00147226,0.00147226,0.00147226
61,58.0129,0.51809,0.63785,1.1738,0.77543,0.7096,0.84227,0.80854,0.39499,1.0672,1.10663,0.00146896,0.00146896,0.00146896
62,58.9556,0.48077,0.60185,1.15216,0.86028,0.74636,0.90046,0.84925,0.40993,0.85634,1.11574,0.00146566,0.00146566,0.00146566
63,59.88,0.45333,0.58258,1.08613,0.85966,0.79444,0.89991,0.81734,0.38675,0.76225,1.10666,0.00146236,0.00146236,0.00146236
64,60.8109,0.44055,0.59075,1.06139,0.71041,0.84524,0.86607,0.80142,0.41713,0.94934,1.16405,0.00145906,0.00145906,0.00145906
65,61.7375,0.51367,0.61111,1.21628,0.73784,0.70238,0.72301,0.6519,0.42571,1.33366,1.1471,0.00145576,0.00145576,0.00145576
66,62.6707,0.45465,0.56759,1.09511,0.71845,0.70238,0.68926,0.63899,0.40588,1.54649,1.13754,0.00145246,0.00145246,0.00145246
67,63.5975,0.43582,0.53798,1.06986,0.70528,0.70238,0.76326,0.70749,0.36694,1.4137,1.10844,0.00144916,0.00144916,0.00144916
68,64.5262,0.39177,0.54468,1.03569,0.71109,0.70878,0.76871,0.73957,0.3307,1.08509,1.07068,0.00144586,0.00144586,0.00144586
69,65.4454,0.44195,0.55717,1.04731,0.8501,0.71907,0.91542,0.88369,0.36591,0.85475,1.0662,0.00144256,0.00144256,0.00144256
70,66.3819,0.44255,0.56897,1.11504,0.75826,0.91667,0.89244,0.82792,0.37931,0.66326,1.03292,0.00143925,0.00143925,0.00143925
71,67.3038,0.4678,0.57542,1.13607,0.88225,0.70843,0.90938,0.8374,0.40105,0.73268,1.07285,0.00143595,0.00143595,0.00143595
72,68.2348,0.47083,0.55318,1.11857,0.78331,0.70512,0.90491,0.85128,0.38942,1.1092,1.11439,0.00143265,0.00143265,0.00143265
73,69.1545,0.47567,0.54419,1.09755,0.75971,0.70616,0.90263,0.83595,0.39031,1.1907,1.12861,0.00142935,0.00142935,0.00142935
74,70.0848,0.44101,0.52959,1.07218,0.86495,0.70895,0.8836,0.81804,0.35311,0.99471,1.05705,0.00142605,0.00142605,0.00142605
75,71.0075,0.46349,0.53195,1.15092,0.90821,0.91667,0.88943,0.84542,0.35928,0.6806,1.06414,0.00142275,0.00142275,0.00142275
76,71.9389,0.48574,0.54749,1.09991,0.86002,0.70789,0.90287,0.84976,0.38134,1.01905,1.14376,0.00141945,0.00141945,0.00141945
77,72.8649,0.46338,0.50875,1.08831,0.8627,0.70374,0.91318,0.83745,0.38758,1.01329,1.13804,0.00141615,0.00141615,0.00141615
78,73.7967,0.45844,0.50714,1.12825,0.86422,0.70238,0.883,0.81509,0.35297,0.9094,1.09555,0.00141285,0.00141285,0.00141285
79,74.7186,0.44643,0.53314,1.08168,0.81829,0.70238,0.87987,0.82689,0.36078,0.94944,1.07438,0.00140955,0.00140955,0.00140955
80,75.6462,0.47757,0.50834,1.12712,0.74712,0.8454,0.92556,0.85395,0.4151,1.01981,1.0929,0.00140625,0.00140625,0.00140625
81,76.5658,0.39983,0.4819,1.07161,0.70696,0.84046,0.93675,0.86538,0.34665,1.00993,1.01225,0.00140295,0.00140295,0.00140295
82,77.4943,0.44626,0.51233,1.10608,0.75418,0.99325,0.94208,0.88716,0.31749,0.8496,1.03321,0.00139965,0.00139965,0.00139965
83,78.419,0.43327,0.49309,1.08158,0.764,0.9903,0.94208,0.91676,0.29751,0.72367,1.00897,0.00139635,0.00139635,0.00139635
84,79.3537,0.42368,0.51469,1.08519,0.75712,0.97809,0.94208,0.91715,0.32693,0.5884,1.03447,0.00139305,0.00139305,0.00139305
85,80.2829,0.44078,0.47921,1.09637,0.76445,0.99331,0.94208,0.90207,0.36258,0.62665,1.07454,0.00138974,0.00138974,0.00138974
86,81.2153,0.43378,0.45797,1.07011,0.76449,0.98385,0.94208,0.89017,0.3825,0.80586,1.13018,0.00138644,0.00138644,0.00138644
87,82.1371,0.41785,0.46616,1.07157,0.76771,0.97573,0.94208,0.89728,0.37222,0.84396,1.1219,0.00138314,0.00138314,0.00138314
88,83.0685,0.47491,0.50449,1.13689,0.71721,0.90705,0.92075,0.88681,0.33015,0.84284,1.04789,0.00137984,0.00137984,0.00137984
89,83.9933,0.42116,0.45271,1.07672,0.71003,0.87029,0.9053,0.87041,0.35666,0.91632,1.07435,0.00137654,0.00137654,0.00137654
90,84.9229,0.45423,0.47279,1.1029,0.77247,0.70609,0.87796,0.83779,0.32122,1.11875,1.05841,0.00137324,0.00137324,0.00137324
91,85.8485,0.41026,0.46083,1.04354,0.74739,0.70518,0.87848,0.83569,0.33893,1.21745,1.06259,0.00136994,0.00136994,0.00136994
92,86.7802,0.44772,0.4844,1.08288,0.70682,0.84513,0.92308,0.87387,0.34273,1.01355,1.06163,0.00136664,0.00136664,0.00136664
93,87.7012,0.43609,0.43047,1.10058,0.76869,0.98773,0.94208,0.8924,0.34714,0.92838,1.08638,0.00136334,0.00136334,0.00136334
94,88.631,0.39962,0.44197,1.07596,0.69961,0.88994,0.92567,0.87845,0.29516,0.82211,1.01407,0.00136004,0.00136004,0.00136004
95,89.5531,0.41608,0.44677,1.068,0.92075,0.70238,0.92304,0.85792,0.33895,0.86912,1.07329,0.00135674,0.00135674,0.00135674
96,90.4819,0.4046,0.49421,1.09199,0.91769,0.70238,0.93675,0.90465,0.37198,0.94177,1.11113,0.00135344,0.00135344,0.00135344
97,91.4045,0.42902,0.4509,1.09851,0.92449,0.70238,0.92875,0.87488,0.36212,0.97468,1.1263,0.00135014,0.00135014,0.00135014
98,92.3323,0.41941,0.4355,1.07247,0.71561,0.90014,0.91275,0.83227,0.3194,0.89107,1.13091,0.00134684,0.00134684,0.00134684
99,93.2581,0.39663,0.45125,1.06575,0.71664,0.90286,0.89816,0.84236,0.31628,0.87006,1.10526,0.00134354,0.00134354,0.00134354
100,94.1915,0.40473,0.41679,1.06181,0.71068,0.83978,0.87215,0.82481,0.33692,0.96359,1.09473,0.00134023,0.00134023,0.00134023
101,95.1215,0.40726,0.44069,1.07364,0.81705,0.70574,0.8911,0.84549,0.31038,0.9289,1.04547,0.00133693,0.00133693,0.00133693
102,96.0499,0.38554,0.42253,1.05526,0.68491,0.93922,0.93278,0.89511,0.30904,0.78268,1.03386,0.00133363,0.00133363,0.00133363
103,96.9752,0.37221,0.40576,0.99579,0.74535,0.98869,0.94208,0.90137,0.29632,0.71487,0.99381,0.00133033,0.00133033,0.00133033
104,97.9044,0.36353,0.39635,1.02109,0.76011,0.97669,0.94208,0.89843,0.30597,0.60651,0.97847,0.00132703,0.00132703,0.00132703
105,98.8324,0.38512,0.41889,1.04249,0.72691,0.91131,0.93239,0.90181,0.32738,0.64484,1.01777,0.00132373,0.00132373,0.00132373
106,99.7658,0.38661,0.43598,1.0191,0.73334,0.99812,0.93675,0.90923,0.30213,0.66362,1.01377,0.00132043,0.00132043,0.00132043
107,100.696,0.40086,0.40911,1.07066,0.74783,0.91555,0.93278,0.90169,0.31924,0.65884,1.04539,0.00131713,0.00131713,0.00131713
108,101.627,0.43505,0.41233,1.08584,0.68988,0.96365,0.92167,0.85883,0.37841,0.78222,1.10457,0.00131383,0.00131383,0.00131383
109,102.549,0.41325,0.40795,1.0909,0.8405,0.70238,0.90264,0.85126,0.32921,0.84077,1.04793,0.00131053,0.00131053,0.00131053
110,103.476,0.42132,0.42348,1.08054,0.8559,0.70238,0.90264,0.87567,0.34999,0.77716,1.07109,0.00130723,0.00130723,0.00130723
111,104.397,0.3873,0.40965,1.02887,0.87513,0.70585,0.92022,0.88703,0.36807,0.70868,1.07374,0.00130393,0.00130393,0.00130393
112,105.327,0.38803,0.3881,1.01819,0.79118,0.84524,0.93278,0.90468,0.2643,0.63286,0.98214,0.00130063,0.00130063,0.00130063
113,106.248,0.40253,0.40451,1.06547,0.81536,0.89941,0.92875,0.90124,0.26613,0.62216,0.97883,0.00129733,0.00129733,0.00129733
114,107.18,0.37685,0.39725,1.02005,0.7594,0.98292,0.94208,0.90866,0.31133,0.67876,1.02958,0.00129403,0.00129403,0.00129403
115,108.103,0.40302,0.42079,1.07048,0.76461,0.999,0.94208,0.91711,0.30801,0.67149,1.01795,0.00129072,0.00129072,0.00129072
116,109.031,0.41968,0.43978,1.07765,0.74471,0.98675,0.94208,0.92437,0.31057,0.68612,1.05912,0.00128742,0.00128742,0.00128742
117,109.958,0.39226,0.4174,1.07498,0.75176,0.96958,0.94208,0.91269,0.32612,0.71891,1.08139,0.00128412,0.00128412,0.00128412
118,110.884,0.35783,0.38793,1.03021,0.73876,0.92713,0.94208,0.90422,0.32972,0.82636,1.0635,0.00128082,0.00128082,0.00128082
119,111.803,0.38013,0.40395,1.05368,0.71182,0.90852,0.94208,0.87726,0.37991,0.96863,1.08979,0.00127752,0.00127752,0.00127752
120,112.734,0.38212,0.39161,1.05857,0.78374,0.78131,0.94208,0.87648,0.37663,1.09087,1.12026,0.00127422,0.00127422,0.00127422
121,113.658,0.34763,0.40239,0.98623,0.79422,0.74819,0.94208,0.86947,0.35175,0.99284,1.09205,0.00127092,0.00127092,0.00127092
122,114.589,0.40366,0.39072,1.06704,0.85424,0.7024,0.92304,0.88296,0.36246,0.78718,1.02726,0.00126762,0.00126762,0.00126762
123,115.511,0.39163,0.42041,1.06758,0.81771,0.70979,0.91699,0.87844,0.36799,0.82402,1.00659,0.00126432,0.00126432,0.00126432
124,116.453,0.42233,0.43342,1.07251,0.71481,0.89272,0.93675,0.88994,0.37721,0.82144,1.08209,0.00126102,0.00126102,0.00126102
125,117.377,0.35777,0.36897,1.00695,0.69576,0.88201,0.92301,0.88641,0.30023,0.82564,1.03051,0.00125772,0.00125772,0.00125772
126,118.31,0.40804,0.37139,1.05874,0.74624,0.70371,0.92875,0.89336,0.29201,0.93852,1.03146,0.00125442,0.00125442,0.00125442
127,119.234,0.37879,0.39637,1.02829,0.74754,0.84695,0.89038,0.85118,0.34273,1.01177,1.06529,0.00125112,0.00125112,0.00125112
128,120.162,0.4337,0.38122,1.04071,0.75476,0.8876,0.94208,0.90064,0.31752,0.93248,1.03348,0.00124782,0.00124782,0.00124782
129,121.085,0.3886,0.37515,1.0416,0.76842,0.98569,0.92396,0.89237,0.29967,0.81134,1.01022,0.00124452,0.00124452,0.00124452
130,122.013,0.38756,0.37796,1.03524,0.71574,0.96825,0.93278,0.89648,0.34568,0.78901,1.04878,0.00124121,0.00124121,0.00124121
131,122.936,0.41518,0.39114,1.03516,0.76591,0.96743,0.94208,0.90481,0.33313,0.81061,1.05343,0.00123791,0.00123791,0.00123791
132,123.866,0.39756,0.38116,1.06002,0.76721,0.9809,0.94208,0.90929,0.26546,0.77549,0.99409,0.00123461,0.00123461,0.00123461
133,124.787,0.3836,0.4351,1.05606,0.76422,0.95255,0.94208,0.92453,0.28672,0.89473,0.98853,0.00123131,0.00123131,0.00123131
134,125.722,0.40948,0.41414,1.0616,0.74982,0.8564,0.90104,0.86674,0.32647,1.01257,1.02387,0.00122801,0.00122801,0.00122801
135,126.641,0.35629,0.3903,1.01567,0.68634,0.88546,0.89571,0.87372,0.27832,0.9702,0.98574,0.00122471,0.00122471,0.00122471
136,127.572,0.37328,0.39437,1.02157,0.76499,0.95639,0.90979,0.89516,0.26997,0.8623,0.96627,0.00122141,0.00122141,0.00122141
137,128.495,0.37456,0.36875,1.0319,0.76804,0.98296,0.93271,0.90381,0.29422,0.8399,0.97471,0.00121811,0.00121811,0.00121811
138,129.426,0.38253,0.38655,1.03376,0.7659,0.96383,0.94208,0.89083,0.30944,0.9111,1.00422,0.00121481,0.00121481,0.00121481
139,130.35,0.39729,0.37746,1.06211,0.72616,0.85658,0.92396,0.88446,0.32537,0.99889,1.04453,0.00121151,0.00121151,0.00121151
140,131.281,0.37972,0.36909,1.08599,0.74729,0.84574,0.91917,0.88191,0.29787,1.12057,1.02685,0.00120821,0.00120821,0.00120821
141,132.212,0.34872,0.35301,0.99748,0.74974,0.90677,0.92733,0.90972,0.26292,1.00357,0.99863,0.00120491,0.00120491,0.00120491
142,133.142,0.34328,0.34963,1.00009,0.7146,0.8943,0.90458,0.87304,0.29407,0.89145,1.04591,0.00120161,0.00120161,0.00120161
143,134.061,0.34531,0.35791,1.01397,0.71811,0.90842,0.89493,0.87214,0.27613,0.81756,1.02988,0.00119831,0.00119831,0.00119831
144,134.996,0.38002,0.38365,1.0613,0.79464,0.85795,0.89631,0.86682,0.315,0.76442,1.03943,0.00119501,0.00119501,0.00119501
145,135.918,0.3699,0.3671,1.03443,0.72547,0.90987,0.89578,0.85852,0.29031,0.78219,1.0674,0.0011917,0.0011917,0.0011917
146,136.847,0.3492,0.34401,1.01207,0.71997,0.9084,0.89062,0.84345,0.33969,0.82956,1.13965,0.0011884,0.0011884,0.0011884
147,137.771,0.37429,0.38609,1.00116,0.71799,0.90755,0.89715,0.84594,0.32125,0.83797,1.11385,0.0011851,0.0011851,0.0011851
148,138.701,0.33655,0.36558,1.0048,0.71544,0.899,0.90491,0.8712,0.2748,0.83775,1.02266,0.0011818,0.0011818,0.0011818
149,139.622,0.39927,0.38,1.06378,0.76553,0.96243,0.94208,0.9129,0.27845,0.88944,1.03426,0.0011785,0.0011785,0.0011785
150,140.552,0.34826,0.32901,1.03447,0.76109,0.98882,0.94208,0.90016,0.29149,0.65326,1.03022,0.0011752,0.0011752,0.0011752
151,141.476,0.354,0.36663,1.01549,0.76859,0.99596,0.93271,0.90477,0.28049,0.57527,1.02105,0.0011719,0.0011719,0.0011719
152,142.407,0.35163,0.37396,1.01941,0.75788,0.99136,0.93271,0.90403,0.31749,0.58781,1.04657,0.0011686,0.0011686,0.0011686
153,143.33,0.33734,0.35115,1.02394,0.75766,0.97794,0.93271,0.91168,0.29524,0.58409,1.02619,0.0011653,0.0011653,0.0011653
154,144.263,0.32614,0.33032,1.01469,0.72709,0.91667,0.9163,0.89905,0.25646,0.60457,1.01517,0.001162,0.001162,0.001162
155,145.186,0.31769,0.3114,0.97444,0.72574,0.91667,0.92875,0.9116,0.25105,0.6523,1.02435,0.0011587,0.0011587,0.0011587
156,146.115,0.34624,0.35918,1.02614,0.66599,0.91667,0.91328,0.89933,0.26197,0.78589,1.00527,0.0011554,0.0011554,0.0011554
157,147.038,0.36665,0.36323,0.99779,0.70189,0.76983,0.85255,0.8295,0.27338,0.93436,0.99622,0.0011521,0.0011521,0.0011521
158,147.968,0.34147,0.35116,0.99222,0.75667,0.89963,0.84477,0.82185,0.29683,1.0519,1.00979,0.0011488,0.0011488,0.0011488
159,148.891,0.37907,0.35018,1.0249,0.75885,0.91081,0.83309,0.81858,0.27439,0.98091,0.98944,0.0011455,0.0011455,0.0011455
160,149.821,0.35467,0.36017,1.01416,0.75599,0.91523,0.88383,0.85675,0.2698,0.90992,1.01207,0.0011422,0.0011422,0.0011422
161,150.755,0.38137,0.3663,1.07561,0.73835,0.89998,0.88829,0.85869,0.27911,1.01992,1.02112,0.00113889,0.00113889,0.00113889
162,151.692,0.37574,0.35419,1.01616,0.73396,0.85597,0.88845,0.85895,0.26864,1.07786,1.03411,0.00113559,0.00113559,0.00113559
163,152.618,0.33314,0.32883,1.01519,0.74857,0.88205,0.90896,0.87212,0.25934,1.04304,1.03003,0.00113229,0.00113229,0.00113229
164,153.549,0.35867,0.35058,1.04074,0.74802,0.84899,0.8205,0.79072,0.2749,1.14317,1.02008,0.00112899,0.00112899,0.00112899
165,154.474,0.34631,0.34054,1.01405,0.70654,0.70238,0.76761,0.73955,0.27884,1.25602,1.02286,0.00112569,0.00112569,0.00112569
166,155.409,0.348,0.35358,0.99543,0.70542,0.70238,0.7685,0.74506,0.24449,1.3597,1.008,0.00112239,0.00112239,0.00112239
167,156.331,0.33428,0.33774,0.96731,0.70315,0.70238,0.76527,0.74245,0.25729,1.40216,1.02137,0.00111909,0.00111909,0.00111909
168,157.26,0.37912,0.34315,1.06561,0.69145,0.70238,0.77038,0.74708,0.28312,1.40103,1.02563,0.00111579,0.00111579,0.00111579
169,158.183,0.41234,0.37041,1.07804,0.73207,0.70238,0.80367,0.77979,0.31986,1.30998,1.05875,0.00111249,0.00111249,0.00111249
170,159.115,0.38284,0.38347,1.03015,0.69713,0.76997,0.893,0.85843,0.24877,1.09836,1.00588,0.00110919,0.00110919,0.00110919
171,160.04,0.34548,0.34266,1.02085,0.70699,0.83131,0.92308,0.89283,0.24231,0.94758,1.00152,0.00110589,0.00110589,0.00110589
172,160.973,0.3284,0.32686,0.9979,0.7062,0.91667,0.91699,0.88701,0.26601,0.85135,0.99718,0.00110259,0.00110259,0.00110259
173,161.901,0.338,0.34908,0.99632,0.71252,0.91667,0.90721,0.86657,0.2891,0.8559,1.00426,0.00109929,0.00109929,0.00109929
174,162.83,0.31469,0.31684,0.9702,0.68886,0.83803,0.89855,0.84441,0.32021,0.9082,1.02958,0.00109599,0.00109599,0.00109599
175,163.747,0.3153,0.32991,0.98219,0.77384,0.71315,0.89942,0.84696,0.29745,0.90386,1.02047,0.00109269,0.00109269,0.00109269
176,164.674,0.33393,0.31556,1.02054,0.71572,0.91667,0.89291,0.85833,0.2833,0.83661,1.02363,0.00108938,0.00108938,0.00108938
177,165.598,0.32597,0.32972,1.01172,0.71847,0.89328,0.89555,0.85916,0.29664,0.82285,1.0305,0.00108608,0.00108608,0.00108608
178,166.527,0.31919,0.34581,1.00193,0.71429,0.88759,0.90875,0.88259,0.29868,0.99058,1.03147,0.00108278,0.00108278,0.00108278
179,167.451,0.358,0.37472,1.01274,0.71191,0.84457,0.88083,0.85452,0.28623,1.07479,1.01808,0.00107948,0.00107948,0.00107948
180,168.381,0.31303,0.3184,0.98673,0.6919,0.84524,0.85123,0.83427,0.29196,1.16143,1.0284,0.00107618,0.00107618,0.00107618
181,169.304,0.31843,0.31117,0.97212,0.69463,0.77333,0.85626,0.83243,0.28899,1.23647,1.01916,0.00107288,0.00107288,0.00107288
182,170.237,0.34256,0.3694,1.03953,0.70736,0.70238,0.83337,0.81599,0.28082,1.35471,1.00934,0.00106958,0.00106958,0.00106958
183,171.166,0.30793,0.30424,0.97008,0.67717,0.78107,0.84204,0.82453,0.27442,1.40196,1.00704,0.00106628,0.00106628,0.00106628
184,172.095,0.2991,0.30221,0.96249,0.67787,0.78134,0.84063,0.76902,0.29943,1.51836,1.01756,0.00106298,0.00106298,0.00106298
185,173.016,0.32215,0.32189,1.00264,0.74757,0.84693,0.87705,0.81534,0.30387,1.34626,1.04034,0.00105968,0.00105968,0.00105968
186,173.946,0.31702,0.33958,0.97916,0.70339,0.81702,0.85079,0.82274,0.26945,1.10597,0.99584,0.00105638,0.00105638,0.00105638
187,174.869,0.33088,0.32316,1.01594,0.70511,0.83193,0.86977,0.84961,0.26032,1.05036,0.99179,0.00105308,0.00105308,0.00105308
188,175.804,0.33479,0.34639,1.02181,0.71313,0.70765,0.89944,0.8723,0.26788,1.01393,0.99976,0.00104978,0.00104978,0.00104978
189,176.727,0.30372,0.30973,0.96593,0.69367,0.76106,0.80679,0.77747,0.25741,1.12583,0.99917,0.00104648,0.00104648,0.00104648
190,177.655,0.30435,0.32124,0.98242,0.71043,0.78535,0.73528,0.71024,0.24631,1.2607,0.99749,0.00104318,0.00104318,0.00104318
191,178.577,0.3115,0.35559,0.97282,0.71247,0.78571,0.69377,0.67422,0.25894,1.2175,0.99521,0.00103987,0.00103987,0.00103987
192,179.509,0.29295,0.32402,0.95181,0.73607,0.89844,0.88671,0.85423,0.25522,0.88905,0.98408,0.00103657,0.00103657,0.00103657
193,180.433,0.35534,0.32271,1.02833,0.74744,0.91261,0.90871,0.87585,0.2651,0.77508,0.99018,0.00103327,0.00103327,0.00103327
194,181.364,0.30254,0.3553,0.98285,0.71367,0.95844,0.93278,0.9087,0.25949,0.70812,0.99133,0.00102997,0.00102997,0.00102997
195,182.292,0.29803,0.31739,0.97102,0.72343,0.84524,0.91637,0.88934,0.27016,0.77386,0.99203,0.00102667,0.00102667,0.00102667
196,183.223,0.31308,0.30648,0.96287,0.71472,0.84524,0.906,0.88978,0.26435,0.89989,0.98471,0.00102337,0.00102337,0.00102337
197,184.152,0.34971,0.41626,1.04195,0.71216,0.84524,0.91637,0.89993,0.26592,0.91382,0.99662,0.00102007,0.00102007,0.00102007
198,185.086,0.31932,0.3308,0.99001,0.70562,0.84524,0.88562,0.86896,0.25662,0.94223,1.0165,0.00101677,0.00101677,0.00101677
199,186.013,0.33898,0.34032,0.97008,0.71209,0.84289,0.89722,0.87726,0.25943,0.9207,1.03593,0.00101347,0.00101347,0.00101347
200,186.952,0.31448,0.31143,0.98458,0.71986,0.91667,0.90721,0.88513,0.30647,0.77191,1.07079,0.00101017,0.00101017,0.00101017
201,187.876,0.31488,0.34008,0.9819,0.72771,0.91667,0.89604,0.86427,0.30926,0.76622,1.05713,0.00100687,0.00100687,0.00100687
202,188.807,0.3248,0.32401,0.99968,0.7341,0.91667,0.91057,0.88368,0.27158,0.67108,0.98429,0.00100357,0.00100357,0.00100357
203,189.732,0.32453,0.32121,0.99102,0.73374,0.91667,0.93239,0.90883,0.27798,0.65282,0.98027,0.00100027,0.00100027,0.00100027
204,190.666,0.31625,0.29519,0.97545,0.75203,0.95466,0.94208,0.91169,0.3057,0.65479,0.9897,0.000996966,0.000996966,0.000996966
205,191.589,0.31505,0.30668,0.98087,0.75434,0.96544,0.94208,0.90062,0.30173,0.68257,0.9943,0.000993665,0.000993665,0.000993665
206,192.518,0.34713,0.31738,1.01522,0.71674,0.89457,0.92875,0.88633,0.3155,0.87685,1.0434,0.000990365,0.000990365,0.000990365
207,193.441,0.32916,0.31888,0.98062,0.71324,0.83905,0.90683,0.84318,0.29775,0.86863,1.04929,0.000987064,0.000987064,0.000987064
208,194.372,0.32464,0.30108,0.9952,0.75793,0.91218,0.85698,0.82875,0.27295,0.89579,1.02306,0.000983763,0.000983763,0.000983763
209,195.292,0.32682,0.30821,1.01847,0.71077,0.83798,0.82412,0.7965,0.2556,0.93275,1.00901,0.000980463,0.000980463,0.000980463
210,196.226,0.31249,0.29224,0.98946,0.71642,0.83951,0.86399,0.83376,0.26757,0.80502,1.0351,0.000977162,0.000977162,0.000977162
211,197.155,0.33442,0.31793,1.01193,0.71754,0.83952,0.87165,0.84027,0.2774,0.81147,1.0275,0.000973861,0.000973861,0.000973861
212,198.087,0.32314,0.31285,1.0036,0.70595,0.83279,0.87473,0.83471,0.2662,0.9295,0.99171,0.000970561,0.000970561,0.000970561
213,199.019,0.29944,0.30724,0.99367,0.75226,0.71285,0.82047,0.77726,0.29616,1.04661,1.01969,0.00096726,0.00096726,0.00096726
214,199.947,0.32232,0.32022,0.9889,0.69576,0.7698,0.80698,0.77452,0.29311,1.26947,1.05664,0.000963959,0.000963959,0.000963959
215,200.869,0.31482,0.33292,0.98778,0.74408,0.70538,0.85694,0.82671,0.28147,1.15651,1.0454,0.000960659,0.000960659,0.000960659
216,201.798,0.32779,0.30157,1.00208,0.73517,0.82642,0.92556,0.90178,0.25965,0.89678,0.99705,0.000957358,0.000957358,0.000957358
217,202.722,0.31219,0.29455,0.99305,0.76121,0.92502,0.94208,0.91836,0.28551,0.78079,1.01977,0.000954057,0.000954057,0.000954057
218,203.658,0.30298,0.28128,0.99075,0.73745,1,0.94208,0.90811,0.29635,0.71218,1.013,0.000950757,0.000950757,0.000950757
219,204.59,0.29699,0.28242,0.96712,0.75098,1,0.94208,0.9126,0.25524,0.67959,0.99078,0.000947456,0.000947456,0.000947456
220,205.519,0.30988,0.27975,1.00841,0.76405,0.95072,0.94208,0.9085,0.24526,0.81449,0.99523,0.000944155,0.000944155,0.000944155
221,206.444,0.30127,0.30362,0.98216,0.70881,0.838,0.90891,0.87702,0.24305,0.96391,0.999,0.000940855,0.000940855,0.000940855
222,207.38,0.30994,0.31081,0.97247,0.70432,0.771,0.7803,0.75222,0.26823,1.20546,1.0111,0.000937554,0.000937554,0.000937554
223,208.307,0.29431,0.27978,0.95794,0.6989,0.77039,0.76267,0.7267,0.26518,1.26505,1.02218,0.000934253,0.000934253,0.000934253
224,209.244,0.28481,0.29385,0.94531,0.74797,0.84866,0.77456,0.7502,0.28178,1.24429,1.04836,0.000930953,0.000930953,0.000930953
225,210.17,0.32885,0.3165,0.99534,0.74772,0.84759,0.79882,0.76444,0.28284,1.22992,1.05722,0.000927652,0.000927652,0.000927652
226,211.103,0.31998,0.30902,1.02219,0.7479,0.84846,0.82575,0.8044,0.29591,1.27159,1.05346,0.000924352,0.000924352,0.000924352
227,212.026,0.30329,0.29814,0.97344,0.74796,0.84875,0.852,0.81442,0.29755,1.26793,1.06379,0.000921051,0.000921051,0.000921051
228,212.968,0.28202,0.30674,0.96284,0.70646,0.83833,0.92258,0.89183,0.251,0.9829,1.04186,0.00091775,0.00091775,0.00091775
229,213.887,0.31478,0.30207,0.98983,0.70765,0.84372,0.91863,0.88917,0.24798,0.86799,1.03672,0.00091445,0.00091445,0.00091445
230,214.818,0.30619,0.29163,0.98625,0.71448,0.91667,0.9163,0.88919,0.30026,0.86523,1.06623,0.000911149,0.000911149,0.000911149
231,215.743,0.35259,0.33479,0.98264,0.70958,0.84483,0.91938,0.88523,0.31342,0.92357,1.08284,0.000907848,0.000907848,0.000907848
232,216.671,0.31652,0.2912,0.98156,0.71098,0.8646,0.89904,0.85036,0.2777,0.86376,1.03669,0.000904548,0.000904548,0.000904548
233,217.596,0.345,0.31345,0.97852,0.71247,0.87375,0.86279,0.82983,0.30662,0.89487,1.05065,0.000901247,0.000901247,0.000901247
