Time (s),ForceReading
0.0,0.0
0.001,0.0
0.002,0.0
0.003,0.0
0.004,0.0
0.005,0.0
0.006,0.0
0.007,0.0
0.008,0.0
0.009000000000000001,0.0
0.01,0.0
0.011,0.0
0.012,0.0
0.013000000000000001,0.0
0.014,0.0
0.015,0.0
0.016,0.0
0.017,0.0
0.018000000000000002,0.0
0.019,0.0
0.02,0.0
0.021,0.0
0.022,0.0
0.023,0.0
0.024,0.0
0.025,0.0
0.026000000000000002,0.0
0.027,0.0
0.028,0.0
0.029,0.0
0.03,0.0
0.031,0.0
0.032,0.0
0.033,0.0
0.034,0.0
0.035,0.0
0.036000000000000004,0.0
0.037,0.0
0.038,0.0
0.039,0.0
0.04,0.0
0.041,0.0
0.042,0.0
0.043000000000000003,0.0
0.044,0.0
0.045,0.0
0.046,0.0
0.047,0.0
0.048,0.0
0.049,0.0
0.05,0.0
0.051000000000000004,0.0
0.052000000000000005,0.0
0.053,0.0
0.054,0.0
0.055,0.0
0.056,0.0
0.057,0.0
0.058,0.0
0.059000000000000004,0.0
0.06,0.0
0.061,0.0
0.062,0.0
0.063,0.0
0.064,0.0
0.065,0.0
0.066,0.0
0.067,0.0
0.068,0.0
0.069,0.0
0.07,0.0
0.07100000000000001,0.0
0.07200000000000001,0.0
0.073,0.0
0.074,0.0
0.075,0.0
0.076,0.0
0.077,0.0
0.078,0.0
0.079,0.0
0.08,0.0
0.081,0.0
0.082,0.0
0.083,0.0
0.084,0.0
0.085,0.0
0.08600000000000001,0.0
0.08700000000000001,0.0
0.088,0.0
0.089,0.0
0.09,0.0
0.091,0.0
0.092,0.0
0.093,0.0
0.094,0.0
0.095,0.0
0.096,0.0
0.097,0.0
0.098,0.0
0.099,0.0
0.1,0.0
0.101,0.0
0.10200000000000001,0.0
0.10300000000000001,0.0
0.10400000000000001,0.0
0.105,0.0
0.106,0.0
0.107,0.0
0.108,0.0
0.109,0.0
0.11,0.0
0.111,0.0
0.112,0.0
0.113,0.0
0.114,0.0
0.115,0.0
0.116,0.0
0.117,0.0
0.11800000000000001,0.0
0.11900000000000001,0.0
0.12,0.0
0.121,0.0
0.122,0.0
0.123,0.0
0.124,0.0
0.125,0.0
0.126,0.0
0.127,0.0
0.128,0.0
0.129,0.0
0.13,0.0
0.131,0.0
0.132,0.0
0.133,0.0
0.134,0.0
0.135,0.0
0.136,0.0
0.137,0.0
0.138,0.0
0.139,0.0
0.14,0.0
0.14100000000000001,0.0
0.14200000000000002,0.0
0.14300000000000002,0.0
0.14400000000000002,0.0
0.145,0.0
0.146,0.0
0.147,0.0
0.148,0.0
0.149,0.0
0.15,0.0
0.151,0.0
0.152,0.0
0.153,0.0
0.154,0.0
0.155,0.0
0.156,0.0
0.157,0.0
0.158,0.0
0.159,0.0
0.16,0.0
0.161,0.0
0.162,0.0
0.163,0.0
0.164,0.0
0.165,0.0
0.166,0.0
0.167,0.0
0.168,0.0
0.169,0.0
0.17,0.0
0.171,0.0
0.17200000000000001,0.0
0.17300000000000001,0.0
0.17400000000000002,0.0
0.17500000000000002,0.0
0.176,0.0
0.177,0.0
0.178,0.0
0.179,0.0
0.18,0.0
0.181,0.0
0.182,0.0
0.183,0.0
0.184,0.0
0.185,0.0
0.186,0.0
0.187,0.0
0.188,0.0
0.189,0.0
0.19,0.0
0.191,0.0
0.192,0.0
0.193,0.0
0.194,0.0
0.195,0.0
0.196,0.0
0.197,0.0
0.198,0.0
0.199,0.0
0.2,0.0
0.201,0.0
0.202,0.0
0.203,0.0
0.20400000000000001,0.0
0.20500000000000002,0.0
0.20600000000000002,0.0
0.20700000000000002,0.0
0.20800000000000002,0.0
0.209,0.0
0.21,0.0
0.211,0.0
0.212,0.0
0.213,0.0
0.214,0.0
0.215,0.0
0.216,0.0
0.217,0.0
0.218,0.0
0.219,0.0
0.22,0.0
0.221,0.0
0.222,0.0
0.223,0.0
0.224,0.0
0.225,0.0
0.226,0.0
0.227,0.0
0.228,0.0
0.229,0.0
0.23,0.0
0.231,0.0
0.232,0.0
0.233,0.0
0.234,0.0
0.23500000000000001,0.0
0.23600000000000002,0.0
0.23700000000000002,0.0
0.23800000000000002,0.0
0.23900000000000002,0.0
0.24,0.0
0.241,0.0
0.242,0.0
0.243,0.0
0.244,0.0
0.245,0.0
0.246,0.0
0.247,0.0
0.248,0.0
0.249,0.0
0.25,0.0
0.251,0.0
0.252,0.0
0.253,0.0
0.254,0.0
0.255,0.0
0.256,0.0
0.257,0.0
0.258,0.0
0.259,0.0
0.26,0.0
0.261,0.0
0.262,0.0
0.263,0.0
0.264,0.0
0.265,0.0
0.266,0.0
0.267,0.0
0.268,0.0
0.269,0.0
0.27,0.0
0.271,0.0
0.272,0.0
0.273,0.0
0.274,0.0
0.275,0.0
0.276,0.0
0.277,0.0
0.278,0.0
0.279,0.0
0.28,0.0
0.281,0.0
0.28200000000000003,0.0
0.28300000000000003,0.0
0.28400000000000003,0.0
0.28500000000000003,0.0
0.28600000000000003,0.0
0.28700000000000003,0.0
0.28800000000000003,0.0
0.289,0.0
0.29,0.0
0.291,0.0
0.292,0.0
0.293,0.0
0.294,0.0
0.295,0.0
0.296,0.0
0.297,0.0
0.298,0.0
0.299,0.0
0.3,0.0
0.301,0.0
0.302,0.0
0.303,0.0
0.304,0.0
0.305,0.0
0.306,0.0
0.307,0.0
0.308,0.0
0.309,0.0
0.31,0.0
0.311,0.0
0.312,0.0
0.313,0.0
0.314,0.0
0.315,0.0
0.316,0.0
0.317,0.0
0.318,0.0
0.319,0.0
0.32,0.0
0.321,0.0
0.322,0.0
0.323,0.0
0.324,0.0
0.325,0.0
0.326,0.0
0.327,0.0
0.328,0.0
0.329,0.0
0.33,0.0
0.331,0.0
0.332,0.0
0.333,0.0
0.334,0.0
0.335,0.0
0.336,0.0
0.337,0.0
0.338,0.0
0.339,0.0
0.34,0.0
0.341,0.0
0.342,0.0
0.343,0.0
0.34400000000000003,0.0
0.34500000000000003,0.0
0.34600000000000003,0.0
0.34700000000000003,0.0
0.34800000000000003,0.0
0.34900000000000003,0.0
0.35000000000000003,0.0
0.35100000000000003,0.0
0.352,0.0
0.353,0.0
0.354,0.0
0.355,0.0
0.356,0.0
0.357,0.0
0.358,0.0
0.359,0.0
0.36,0.0
0.361,0.0
0.362,0.0
0.363,0.0
0.364,0.0
0.365,0.0
0.366,0.0
0.367,0.0
0.368,0.0
0.369,0.0
0.37,0.0
0.371,0.0
0.372,0.0
0.373,0.0
0.374,0.0
0.375,0.0
0.376,0.0
0.377,0.0
0.378,0.0
0.379,0.0
0.38,0.0
0.381,0.0
0.382,0.0
0.383,0.0
0.384,0.0
0.385,0.0
0.386,0.0
0.387,0.0
0.388,0.0
0.389,0.0
0.39,0.0
0.391,0.0
0.392,0.0
0.393,0.0
0.394,0.0
0.395,0.0
0.396,0.0
0.397,0.0
0.398,0.0
0.399,0.0
0.4,0.0
0.401,0.0
0.402,0.0
0.403,0.0
0.404,0.0
0.405,0.0
0.406,0.0
0.40700000000000003,0.0
0.40800000000000003,0.0
0.40900000000000003,0.0
0.41000000000000003,0.0
0.41100000000000003,0.0
0.41200000000000003,0.0
0.41300000000000003,0.0
0.41400000000000003,0.0
0.41500000000000004,0.0
0.41600000000000004,0.0
0.417,0.0
0.418,0.0
0.419,0.0
0.42,0.0
0.421,0.0
0.422,0.0
0.423,0.0
0.424,0.0
0.425,0.0
0.426,0.0
0.427,0.0
0.428,0.0
0.429,0.0
0.43,0.0
0.431,0.0
0.432,0.0
0.433,0.0
0.434,0.0
0.435,0.0
0.436,0.0
0.437,0.0
0.438,0.0
0.439,0.0
0.44,0.0
0.441,0.0
0.442,0.0
0.443,0.0
0.444,0.0
0.445,0.0
0.446,0.0
0.447,0.0
0.448,0.0
0.449,0.0
0.45,0.0
0.451,0.0
0.452,0.0
0.453,0.0
0.454,0.0
0.455,0.0
0.456,0.0
0.457,0.0
0.458,0.0
0.459,0.0
0.46,0.0
0.461,0.0
0.462,0.0
0.463,0.0
0.464,0.0
0.465,0.0
0.466,0.0
0.467,0.0
0.468,0.0
0.46900000000000003,0.0
0.47000000000000003,0.0
0.47100000000000003,0.0
0.47200000000000003,0.0
0.47300000000000003,0.0
0.47400000000000003,0.0
0.47500000000000003,0.0
0.47600000000000003,0.0
0.47700000000000004,0.0
0.47800000000000004,0.0
0.47900000000000004,0.0
0.48,0.0
0.481,0.0
0.482,0.0
0.483,0.0
0.484,0.0
0.485,0.0
0.486,0.0
0.487,0.0
0.488,0.0
0.489,0.0
0.49,0.0
0.491,0.0
0.492,0.0
0.493,0.0
0.494,0.0
0.495,0.0
0.496,0.0
0.497,0.0
0.498,0.0
0.499,0.0
0.5,0.0
0.501,0.0
0.502,0.0
0.503,0.0
0.504,0.0
0.505,0.0
0.506,0.0
0.507,0.0
0.508,0.0
0.509,0.0
0.51,0.0
0.511,0.0
0.512,0.0
0.513,0.0
0.514,0.0
0.515,0.0
0.516,0.0
0.517,0.0
0.518,0.0
0.519,0.0
0.52,0.0
0.521,0.0
0.522,0.0
0.523,0.0
0.524,0.0
0.525,0.0
0.526,0.0
0.527,0.0
0.528,0.0
0.529,0.0
0.53,0.0
0.531,0.0
0.532,0.0
0.533,0.0
0.534,0.0
0.535,0.0
0.536,0.0
0.537,0.0
0.538,0.0
0.539,0.0
0.54,0.0
0.541,0.0
0.542,0.0
0.543,0.0
0.544,0.0
0.545,0.0
0.546,0.0
0.547,0.0
0.548,0.0
0.549,0.0
0.55,0.0
0.551,0.0
0.552,0.0
0.553,0.0
0.554,0.0
0.555,0.0
0.556,0.0
0.557,0.0
0.558,0.0
0.559,0.0
0.56,0.0
0.561,0.0
0.562,0.0
0.5630000000000001,0.0
0.5640000000000001,0.0
0.5650000000000001,0.0
0.5660000000000001,0.0
0.5670000000000001,0.0
0.5680000000000001,0.0
0.5690000000000001,0.0
0.5700000000000001,0.0
0.5710000000000001,0.0
0.5720000000000001,0.0
0.5730000000000001,0.0
0.5740000000000001,0.0
0.5750000000000001,0.0
0.5760000000000001,0.0
0.577,0.0
0.578,0.0
0.579,0.0
0.58,0.0
0.581,0.0
0.582,0.0
0.583,0.0
0.584,0.0
0.585,0.0
0.586,0.0
0.587,0.0
0.588,0.0
0.589,0.0
0.59,0.0
0.591,0.0
0.592,0.0
0.593,0.0
0.594,0.0
0.595,0.0
0.596,0.0
0.597,0.0
0.598,0.0
0.599,0.0
0.6,0.0
0.601,0.0
0.602,0.0
0.603,0.0
0.604,0.0
0.605,0.0
0.606,0.0
0.607,0.0
0.608,0.0
0.609,0.0
0.61,0.0
0.611,0.0
0.612,0.0
0.613,0.0
0.614,0.0
0.615,0.0
0.616,0.0
0.617,0.0
0.618,0.0
0.619,0.0
0.62,0.0
0.621,0.0
0.622,0.0
0.623,0.0
0.624,0.0
0.625,0.0
0.626,0.0
0.627,0.0
0.628,0.0
0.629,0.0
0.63,0.0
0.631,0.0
0.632,0.0
0.633,0.0
0.634,0.0
0.635,0.0
0.636,0.0
0.637,0.0
0.638,0.0
0.639,0.0
0.64,0.0
0.641,0.0
0.642,0.0
0.643,0.0
0.644,0.0
0.645,0.0
0.646,0.0
0.647,0.0
0.648,0.0
0.649,0.0
0.65,0.0
0.651,0.0
0.652,0.0
0.653,0.0
0.654,0.0
0.655,0.0
0.656,0.0
0.657,0.0
0.658,0.0
0.659,0.0
0.66,0.0
0.661,0.0
0.662,0.0
0.663,0.0
0.664,0.0
0.665,0.0
0.666,0.0
0.667,0.0
0.668,0.0
0.669,0.0
0.67,0.0
0.671,0.0
0.672,0.0
0.673,0.0
0.674,0.0
0.675,0.0
0.676,0.0
0.677,0.0
0.678,0.0
0.679,0.0
0.68,0.0
0.681,0.0
0.682,0.0
0.683,0.0
0.684,0.0
0.685,0.0
0.686,0.0
0.687,0.0
0.6880000000000001,0.0
0.6890000000000001,0.0
0.6900000000000001,0.0
0.6910000000000001,0.0
0.6920000000000001,0.0
0.6930000000000001,0.0
0.6940000000000001,0.0
0.6950000000000001,0.0
0.6960000000000001,0.0
0.6970000000000001,0.0
0.6980000000000001,0.0
0.6990000000000001,0.0
0.7000000000000001,0.0
0.7010000000000001,0.0
0.7020000000000001,0.0
0.7030000000000001,0.0
0.704,0.0
0.705,0.0
0.706,0.0
0.707,0.0
0.708,0.0
0.709,0.0
0.71,0.0
0.711,0.0
0.712,0.0
0.713,0.0
0.714,0.0
0.715,0.0
0.716,0.0
0.717,0.0
0.718,0.0
0.719,0.0
0.72,0.0
0.721,0.0
0.722,0.0
0.723,0.0
0.724,0.0
0.725,0.0
0.726,0.0
0.727,0.0
0.728,0.0
0.729,0.0
0.73,0.0
0.731,0.0
0.732,0.0
0.733,0.0
0.734,0.0
0.735,0.0
0.736,0.0
0.737,0.0
0.738,0.0
0.739,0.0
0.74,0.0
0.741,0.0
0.742,0.0
0.743,0.0
0.744,0.0
0.745,0.0
0.746,0.0
0.747,0.0
0.748,0.0
0.749,0.0
0.75,0.0
0.751,0.0
0.752,0.0
0.753,0.0
0.754,0.0
0.755,0.0
0.756,0.0
0.757,0.0
0.758,0.0
0.759,0.0
0.76,0.0
0.761,0.0
0.762,0.0
0.763,0.0
0.764,0.0
0.765,0.0
0.766,0.0
0.767,0.0
0.768,0.0
0.769,0.0
0.77,0.0
0.771,0.0
0.772,0.0
0.773,0.0
0.774,0.0
0.775,0.0
0.776,0.0
0.777,0.0
0.778,0.0
0.779,0.0
0.78,0.0
0.781,0.0
0.782,0.0
0.783,0.0
0.784,0.0
0.785,0.0
0.786,0.0
0.787,0.0
0.788,0.0
0.789,0.0
0.79,0.0
0.791,0.0
0.792,0.0
0.793,0.0
0.794,0.0
0.795,0.0
0.796,0.0
0.797,0.0
0.798,0.0
0.799,0.0
0.8,0.0
0.801,0.0
0.802,0.0
0.803,0.0
0.804,0.0
0.805,0.0
0.806,0.0
0.807,0.0
0.808,0.0
0.809,0.0
0.81,0.0
0.811,0.0
0.812,0.0
0.8130000000000001,0.0
0.8140000000000001,0.0
0.8150000000000001,0.0
0.8160000000000001,0.0
0.8170000000000001,0.0
0.8180000000000001,0.0
0.8190000000000001,0.0
0.8200000000000001,0.0
0.8210000000000001,0.0
0.8220000000000001,0.0
0.8230000000000001,0.0
0.8240000000000001,0.0
0.8250000000000001,0.0
0.8260000000000001,0.0
0.8270000000000001,0.0
0.8280000000000001,0.0
0.8290000000000001,0.0
0.8300000000000001,0.0
0.8310000000000001,0.0
0.8320000000000001,0.0
0.833,0.0
0.834,0.0
0.835,0.0
0.836,0.0
0.837,0.0
0.838,0.0
0.839,0.0
0.84,0.0
0.841,40.0
0.842,53.0
0.843,58.0
0.844,65.0
0.845,75.0
0.846,88.0
0.847,95.0
0.848,106.0
0.849,134.0
0.85,161.0
0.851,181.0
0.852,194.0
0.853,204.0
0.854,212.0
0.855,227.0
0.856,240.0
0.857,255.0
0.858,266.0
0.859,272.0
0.86,279.0
0.861,287.0
0.862,301.0
0.863,307.0
0.864,311.0
0.865,318.0
0.866,325.0
0.867,329.0
0.868,335.0
0.869,340.0
0.87,345.0
0.871,350.0
0.872,353.0
0.873,357.0
0.874,361.0
0.875,361.0
0.876,361.0
0.877,362.0
0.878,362.0
0.879,361.0
0.88,360.0
0.881,360.0
0.882,360.0
0.883,362.0
0.884,363.0
0.885,365.0
0.886,368.0
0.887,373.0
0.888,375.0
0.889,378.0
0.89,382.0
0.891,389.0
0.892,395.0
0.893,399.0
0.894,400.0
0.895,404.0
0.896,405.0
0.897,406.0
0.898,408.0
0.899,408.0
0.9,410.0
0.901,411.0
0.902,414.0
0.903,421.0
0.904,423.0
0.905,430.0
0.906,435.0
0.907,441.0
0.908,448.0
0.909,453.0
0.91,458.0
0.911,464.0
0.912,468.0
0.913,473.0
0.914,480.0
0.915,485.0
0.916,489.0
0.917,490.0
0.918,493.0
0.919,493.0
0.92,492.0
0.921,489.0
0.922,487.0
0.923,486.0
0.924,486.0
0.925,485.0
0.926,485.0
0.927,485.0
0.928,486.0
0.929,487.0
0.93,487.0
0.931,489.0
0.932,489.0
0.933,491.0
0.934,491.0
0.935,492.0
0.936,491.0
0.937,491.0
0.9380000000000001,491.0
0.9390000000000001,491.0
0.9400000000000001,490.0
0.9410000000000001,490.0
0.9420000000000001,491.0
0.9430000000000001,491.0
0.9440000000000001,490.0
0.9450000000000001,491.0
0.9460000000000001,490.0
0.9470000000000001,492.0
0.9480000000000001,490.0
0.9490000000000001,491.0
0.9500000000000001,490.0
0.9510000000000001,491.0
0.9520000000000001,492.0
0.9530000000000001,492.0
0.9540000000000001,491.0
0.9550000000000001,491.0
0.9560000000000001,492.0
0.9570000000000001,492.0
0.9580000000000001,492.0
0.9590000000000001,492.0
0.96,493.0
0.961,492.0
0.962,492.0
0.963,493.0
0.964,494.0
0.965,494.0
0.966,494.0
0.967,495.0
0.968,495.0
0.969,495.0
0.97,495.0
0.971,495.0
0.972,495.0
0.973,496.0
0.974,496.0
0.975,497.0
0.976,496.0
0.977,497.0
0.978,497.0
0.979,498.0
0.98,499.0
0.981,499.0
0.982,499.0
0.983,500.0
0.984,500.0
0.985,502.0
0.986,506.0
0.987,507.0
0.988,512.0
0.989,516.0
0.99,519.0
0.991,522.0
0.992,526.0
0.993,528.0
0.994,531.0
0.995,533.0
0.996,534.0
0.997,537.0
0.998,539.0
0.999,542.0
1.0,543.0
1.0010000000000001,545.0
1.002,546.0
1.0030000000000001,546.0
1.004,546.0
1.0050000000000001,547.0
1.006,548.0
1.0070000000000001,549.0
1.008,550.0
1.0090000000000001,552.0
1.01,555.0
1.0110000000000001,560.0
1.012,566.0
1.0130000000000001,571.0
1.014,578.0
1.0150000000000001,582.0
1.016,585.0
1.0170000000000001,587.0
1.018,588.0
1.0190000000000001,588.0
1.02,587.0
1.0210000000000001,588.0
1.022,587.0
1.0230000000000001,589.0
1.024,594.0
1.025,599.0
1.026,609.0
1.027,615.0
1.028,620.0
1.029,624.0
1.03,628.0
1.031,631.0
1.032,634.0
1.033,636.0
1.034,639.0
1.035,644.0
1.036,648.0
1.037,652.0
1.038,654.0
1.039,657.0
1.04,659.0
1.041,661.0
1.042,664.0
1.043,667.0
1.044,673.0
1.045,676.0
1.046,681.0
1.047,684.0
1.048,688.0
1.049,693.0
1.05,698.0
1.051,701.0
1.052,704.0
1.053,707.0
1.054,708.0
1.055,711.0
1.056,713.0
1.057,715.0
1.058,718.0
1.059,720.0
1.06,722.0
1.061,725.0
1.062,728.0
1.063,729.0
1.064,732.0
1.065,734.0
1.066,737.0
1.067,738.0
1.068,741.0
1.069,743.0
1.07,745.0
1.071,747.0
1.072,750.0
1.073,752.0
1.074,753.0
1.075,756.0
1.076,758.0
1.077,760.0
1.078,764.0
1.079,766.0
1.08,767.0
1.081,768.0
1.082,770.0
1.083,772.0
1.084,775.0
1.085,777.0
1.086,778.0
1.087,780.0
1.088,782.0
1.089,783.0
1.09,785.0
1.091,787.0
1.092,789.0
1.093,791.0
1.094,792.0
1.095,794.0
1.096,796.0
1.097,797.0
1.098,798.0
1.099,798.0
1.1,801.0
1.101,802.0
1.102,803.0
1.103,806.0
1.104,806.0
1.105,808.0
1.106,809.0
1.107,810.0
1.108,812.0
1.109,813.0
1.11,814.0
1.111,816.0
1.112,817.0
1.113,818.0
1.114,819.0
1.115,821.0
1.116,822.0
1.117,823.0
1.118,825.0
1.119,826.0
1.12,827.0
1.121,827.0
1.122,829.0
1.123,830.0
1.124,831.0
1.125,831.0
1.1260000000000001,832.0
1.127,833.0
1.1280000000000001,833.0
1.129,834.0
1.1300000000000001,835.0
1.131,835.0
1.1320000000000001,837.0
1.133,837.0
1.1340000000000001,838.0
1.135,840.0
1.1360000000000001,839.0
1.137,841.0
1.1380000000000001,842.0
1.139,844.0
1.1400000000000001,844.0
1.141,844.0
1.1420000000000001,847.0
1.143,847.0
1.1440000000000001,848.0
1.145,848.0
1.1460000000000001,849.0
1.147,850.0
1.1480000000000001,850.0
1.149,851.0
1.1500000000000001,852.0
1.151,852.0
1.1520000000000001,853.0
1.153,854.0
1.154,853.0
1.155,856.0
1.156,855.0
1.157,855.0
1.158,856.0
1.159,857.0
1.16,858.0
1.161,858.0
1.162,858.0
1.163,860.0
1.164,860.0
1.165,861.0
1.166,861.0
1.167,862.0
1.168,862.0
1.169,862.0
1.17,863.0
1.171,864.0
1.172,864.0
1.173,865.0
1.174,865.0
1.175,866.0
1.176,866.0
1.177,868.0
1.178,868.0
1.179,868.0
1.18,869.0
1.181,869.0
1.182,870.0
1.183,870.0
1.184,871.0
1.185,871.0
1.186,872.0
1.187,872.0
1.188,873.0
1.189,873.0
1.19,873.0
1.191,874.0
1.192,874.0
1.193,875.0
1.194,876.0
1.195,876.0
1.196,877.0
1.197,877.0
1.198,877.0
1.199,878.0
1.2,878.0
1.201,878.0
1.202,879.0
1.203,880.0
1.204,880.0
1.205,880.0
1.206,880.0
1.207,881.0
1.208,881.0
1.209,881.0
1.21,883.0
1.211,882.0
1.212,883.0
1.213,884.0
1.214,884.0
1.215,883.0
1.216,883.0
1.217,883.0
1.218,885.0
1.219,885.0
1.22,885.0
1.221,886.0
1.222,886.0
1.223,886.0
1.224,887.0
1.225,888.0
1.226,887.0
1.227,888.0
1.228,888.0
1.229,888.0
1.23,888.0
1.231,889.0
1.232,889.0
1.233,890.0
1.234,889.0
1.235,890.0
1.236,890.0
1.237,892.0
1.238,891.0
1.239,891.0
1.24,892.0
1.241,891.0
1.242,891.0
1.243,893.0
1.244,892.0
1.245,893.0
1.246,893.0
1.247,893.0
1.248,894.0
1.249,894.0
1.25,894.0
1.2510000000000001,894.0
1.252,894.0
1.2530000000000001,894.0
1.254,895.0
1.2550000000000001,896.0
1.256,895.0
1.2570000000000001,895.0
1.258,895.0
1.2590000000000001,895.0
1.26,897.0
1.2610000000000001,897.0
1.262,897.0
1.2630000000000001,898.0
1.264,898.0
1.2650000000000001,898.0
1.266,898.0
1.2670000000000001,899.0
1.268,899.0
1.2690000000000001,899.0
1.27,899.0
1.2710000000000001,900.0
1.272,900.0
1.2730000000000001,900.0
1.274,900.0
1.2750000000000001,901.0
1.276,900.0
1.2770000000000001,901.0
1.278,902.0
1.2790000000000001,902.0
1.28,902.0
1.281,902.0
1.282,902.0
1.283,902.0
1.284,902.0
1.285,903.0
1.286,904.0
1.287,904.0
1.288,903.0
1.289,903.0
1.29,903.0
1.291,903.0
1.292,905.0
1.293,904.0
1.294,905.0
1.295,905.0
1.296,906.0
1.297,905.0
1.298,905.0
1.299,905.0
1.3,906.0
1.301,905.0
1.302,906.0
1.303,906.0
1.304,906.0
1.305,906.0
1.306,906.0
1.307,907.0
1.308,907.0
1.309,908.0
1.31,907.0
1.311,908.0
1.312,908.0
1.313,908.0
1.314,908.0
1.315,908.0
1.316,908.0
1.317,908.0
1.318,909.0
1.319,909.0
1.32,909.0
1.321,909.0
1.322,909.0
1.323,910.0
1.324,909.0
1.325,909.0
1.326,910.0
1.327,910.0
1.328,910.0
1.329,909.0
1.33,911.0
1.331,910.0
1.332,910.0
1.333,911.0
1.334,911.0
1.335,910.0
1.336,911.0
1.337,911.0
1.338,911.0
1.339,911.0
1.34,912.0
1.341,912.0
1.342,911.0
1.343,912.0
1.344,911.0
1.345,913.0
1.346,912.0
1.347,913.0
1.348,912.0
1.349,912.0
1.35,913.0
1.351,912.0
1.352,913.0
1.353,912.0
1.354,913.0
1.355,913.0
1.356,913.0
1.357,913.0
1.358,913.0
1.359,913.0
1.36,913.0
1.361,913.0
1.362,915.0
1.363,913.0
1.364,913.0
1.365,913.0
1.366,914.0
1.367,914.0
1.368,914.0
1.369,914.0
1.37,914.0
1.371,914.0
1.372,914.0
1.373,914.0
1.374,914.0
1.375,915.0
1.3760000000000001,915.0
1.377,915.0
1.3780000000000001,915.0
1.379,915.0
1.3800000000000001,915.0
1.381,916.0
1.3820000000000001,915.0
1.383,915.0
1.3840000000000001,915.0
1.385,916.0
1.3860000000000001,915.0
1.387,915.0
1.3880000000000001,916.0
1.389,917.0
1.3900000000000001,916.0
1.391,916.0
1.3920000000000001,917.0
1.393,917.0
1.3940000000000001,918.0
1.395,918.0
1.3960000000000001,918.0
1.397,917.0
1.3980000000000001,917.0
1.399,918.0
1.4000000000000001,918.0
1.401,919.0
1.4020000000000001,918.0
1.403,918.0
1.4040000000000001,919.0
1.405,918.0
1.4060000000000001,919.0
1.407,919.0
1.408,918.0
1.409,918.0
1.41,918.0
1.411,918.0
1.412,920.0
1.413,919.0
1.414,919.0
1.415,919.0
1.416,919.0
1.417,919.0
1.418,920.0
1.419,919.0
1.42,920.0
1.421,920.0
1.422,920.0
1.423,921.0
1.424,921.0
1.425,920.0
1.426,920.0
1.427,920.0
1.428,921.0
1.429,920.0
1.43,920.0
1.431,921.0
1.432,922.0
1.433,922.0
1.434,922.0
1.435,921.0
1.436,921.0
1.437,922.0
1.438,923.0
1.439,922.0
1.44,922.0
1.441,922.0
1.442,923.0
1.443,922.0
1.444,922.0
1.445,921.0
1.446,922.0
1.447,922.0
1.448,923.0
1.449,923.0
1.45,922.0
1.451,922.0
1.452,922.0
1.453,922.0
1.454,923.0
1.455,923.0
1.456,923.0
1.457,923.0
1.458,923.0
1.459,923.0
1.46,924.0
1.461,924.0
1.462,924.0
1.463,923.0
1.464,924.0
1.465,923.0
1.466,923.0
1.467,924.0
1.468,923.0
1.469,924.0
1.47,924.0
1.471,924.0
1.472,924.0
1.473,924.0
1.474,925.0
1.475,925.0
1.476,925.0
1.477,925.0
1.478,924.0
1.479,925.0
1.48,925.0
1.481,925.0
1.482,925.0
1.483,925.0
1.484,925.0
1.485,924.0
1.486,924.0
1.487,924.0
1.488,925.0
1.489,925.0
1.49,925.0
1.491,925.0
1.492,926.0
1.493,926.0
1.494,925.0
1.495,926.0
1.496,925.0
1.497,925.0
1.498,926.0
1.499,925.0
1.5,925.0
1.5010000000000001,926.0
1.502,925.0
1.5030000000000001,925.0
1.504,925.0
1.5050000000000001,925.0
1.506,925.0
1.5070000000000001,925.0
1.508,925.0
1.5090000000000001,926.0
1.51,925.0
1.5110000000000001,925.0
1.512,925.0
1.5130000000000001,926.0
1.514,926.0
1.5150000000000001,926.0
1.516,926.0
1.5170000000000001,925.0
1.518,926.0
1.5190000000000001,926.0
1.52,926.0
1.5210000000000001,926.0
1.522,926.0
1.5230000000000001,925.0
1.524,925.0
1.5250000000000001,926.0
1.526,925.0
1.5270000000000001,925.0
1.528,925.0
1.5290000000000001,925.0
1.53,927.0
1.5310000000000001,925.0
1.532,926.0
1.5330000000000001,925.0
1.534,926.0
1.5350000000000001,927.0
1.536,926.0
1.537,926.0
1.538,927.0
1.539,927.0
1.54,926.0
1.541,926.0
1.542,927.0
1.543,925.0
1.544,926.0
1.545,925.0
1.546,927.0
1.547,926.0
1.548,925.0
1.549,926.0
1.55,927.0
1.551,926.0
1.552,928.0
1.553,926.0
1.554,927.0
1.555,927.0
1.556,926.0
1.557,927.0
1.558,926.0
1.559,926.0
1.56,926.0
1.561,926.0
1.562,926.0
1.563,928.0
1.564,927.0
1.565,928.0
1.566,928.0
1.567,926.0
1.568,926.0
1.569,926.0
1.57,927.0
1.571,926.0
1.572,926.0
1.573,926.0
1.574,926.0
1.575,928.0
1.576,928.0
1.577,927.0
1.578,927.0
1.579,927.0
1.58,926.0
1.581,926.0
1.582,926.0
1.583,927.0
1.584,927.0
1.585,927.0
1.586,926.0
1.587,926.0
1.588,927.0
1.589,926.0
1.59,926.0
1.591,927.0
1.592,927.0
1.593,926.0
1.594,927.0
1.595,928.0
1.596,928.0
1.597,927.0
1.598,927.0
1.599,927.0
1.6,927.0
1.601,927.0
1.602,928.0
1.603,927.0
1.604,926.0
1.605,928.0
1.606,927.0
1.607,926.0
1.608,927.0
1.609,927.0
1.61,927.0
1.611,927.0
1.612,927.0
1.613,926.0
1.614,927.0
1.615,927.0
1.616,927.0
1.617,926.0
1.618,926.0
1.619,927.0
1.62,927.0
1.621,928.0
1.622,927.0
1.623,927.0
1.624,926.0
1.625,928.0
1.6260000000000001,927.0
1.627,927.0
1.6280000000000001,928.0
1.629,926.0
1.6300000000000001,926.0
1.631,927.0
1.6320000000000001,926.0
1.633,927.0
1.6340000000000001,927.0
1.635,926.0
1.6360000000000001,928.0
1.637,928.0
1.6380000000000001,927.0
1.639,927.0
1.6400000000000001,927.0
1.641,927.0
1.6420000000000001,928.0
1.643,927.0
1.6440000000000001,927.0
1.645,928.0
1.6460000000000001,927.0
1.647,927.0
1.6480000000000001,928.0
1.649,927.0
1.6500000000000001,927.0
1.651,927.0
1.6520000000000001,927.0
1.653,927.0
1.6540000000000001,927.0
1.655,927.0
1.6560000000000001,927.0
1.657,928.0
1.6580000000000001,926.0
1.659,927.0
1.6600000000000001,927.0
1.661,928.0
1.6620000000000001,928.0
1.663,927.0
1.6640000000000001,927.0
1.665,927.0
1.666,928.0
1.667,928.0
1.668,928.0
1.669,927.0
1.67,927.0
1.671,927.0
1.672,927.0
1.673,928.0
1.674,927.0
1.675,927.0
1.676,928.0
1.677,928.0
1.678,927.0
1.679,927.0
1.68,928.0
1.681,927.0
1.682,928.0
1.683,928.0
1.684,927.0
1.685,927.0
1.686,927.0
1.687,927.0
1.688,927.0
1.689,927.0
1.69,927.0
1.691,928.0
1.692,928.0
1.693,927.0
1.694,928.0
1.695,927.0
1.696,927.0
1.697,927.0
1.698,927.0
1.699,927.0
1.7,927.0
1.701,927.0
1.702,928.0
1.703,927.0
1.704,927.0
1.705,928.0
1.706,927.0
1.707,928.0
1.708,928.0
1.709,927.0
1.71,927.0
1.711,928.0
1.712,928.0
1.713,927.0
1.714,927.0
1.715,928.0
1.716,927.0
1.717,927.0
1.718,928.0
1.719,927.0
1.72,928.0
1.721,928.0
1.722,929.0
1.723,928.0
1.724,929.0
1.725,928.0
1.726,928.0
1.727,928.0
1.728,928.0
1.729,928.0
1.73,928.0
1.731,927.0
1.732,927.0
1.733,927.0
1.734,928.0
1.735,928.0
1.736,928.0
1.737,928.0
1.738,928.0
1.739,929.0
1.74,929.0
1.741,928.0
1.742,927.0
1.743,928.0
1.744,928.0
1.745,927.0
1.746,928.0
1.747,928.0
1.748,928.0
1.749,928.0
1.75,928.0
1.7510000000000001,928.0
1.752,928.0
1.7530000000000001,929.0
1.754,928.0
1.7550000000000001,928.0
1.756,927.0
1.7570000000000001,928.0
1.758,928.0
1.7590000000000001,928.0
1.76,928.0
1.7610000000000001,928.0
1.762,928.0
1.7630000000000001,929.0
1.764,928.0
1.7650000000000001,928.0
1.766,928.0
1.7670000000000001,928.0
1.768,928.0
1.7690000000000001,928.0
1.77,928.0
1.7710000000000001,928.0
1.772,929.0
1.7730000000000001,928.0
1.774,927.0
1.7750000000000001,928.0
1.776,929.0
1.7770000000000001,927.0
1.778,928.0
1.7790000000000001,929.0
1.78,929.0
1.7810000000000001,929.0
1.782,928.0
1.7830000000000001,928.0
1.784,928.0
1.7850000000000001,928.0
1.786,928.0
1.7870000000000001,929.0
1.788,928.0
1.7890000000000001,928.0
1.79,928.0
1.7910000000000001,928.0
1.792,928.0
1.793,928.0
1.794,928.0
1.795,929.0
1.796,928.0
1.797,928.0
1.798,928.0
1.799,928.0
1.8,929.0
1.801,928.0
1.802,928.0
1.803,929.0
1.804,928.0
1.805,928.0
1.806,928.0
1.807,928.0
1.808,929.0
1.809,929.0
1.81,928.0
1.811,928.0
1.812,928.0
1.813,928.0
1.814,928.0
1.815,928.0
1.816,928.0
1.817,929.0
1.818,928.0
1.819,928.0
1.82,929.0
1.821,928.0
1.822,929.0
1.823,928.0
1.824,928.0
1.825,928.0
1.826,928.0
1.827,929.0
1.828,928.0
1.829,929.0
1.83,929.0
1.831,928.0
1.832,929.0
1.833,928.0
1.834,929.0
1.835,929.0
1.836,929.0
1.837,927.0
1.838,928.0
1.839,929.0
1.84,929.0
1.841,928.0
1.842,928.0
1.843,929.0
1.844,929.0
1.845,928.0
1.846,929.0
1.847,928.0
1.848,928.0
1.849,928.0
1.85,928.0
1.851,928.0
1.852,928.0
1.853,928.0
1.854,929.0
1.855,928.0
1.856,928.0
1.857,928.0
1.858,928.0
1.859,928.0
1.86,929.0
1.861,929.0
1.862,929.0
1.863,928.0
1.864,928.0
1.865,928.0
1.866,930.0
1.867,929.0
1.868,928.0
1.869,928.0
1.87,928.0
1.871,929.0
1.872,928.0
1.873,929.0
1.874,928.0
1.875,928.0
1.8760000000000001,928.0
1.877,929.0
1.8780000000000001,930.0
1.879,928.0
1.8800000000000001,929.0
1.881,929.0
1.8820000000000001,929.0
1.883,929.0
1.8840000000000001,928.0
1.885,928.0
1.8860000000000001,928.0
1.887,928.0
1.8880000000000001,928.0
1.889,928.0
1.8900000000000001,929.0
1.891,928.0
1.8920000000000001,930.0
1.893,929.0
1.8940000000000001,928.0
1.895,928.0
1.8960000000000001,928.0
1.897,928.0
1.8980000000000001,929.0
1.899,928.0
1.9000000000000001,929.0
1.901,928.0
1.9020000000000001,929.0
1.903,929.0
1.9040000000000001,928.0
1.905,929.0
1.9060000000000001,929.0
1.907,928.0
1.9080000000000001,928.0
1.909,929.0
1.9100000000000001,929.0
1.911,928.0
1.9120000000000001,928.0
1.913,929.0
1.9140000000000001,928.0
1.915,929.0
1.9160000000000001,929.0
1.917,929.0
1.9180000000000001,929.0
1.919,929.0
1.92,929.0
1.921,929.0
1.922,929.0
1.923,928.0
1.924,929.0
1.925,929.0
1.926,928.0
1.927,929.0
1.928,928.0
1.929,929.0
1.93,928.0
1.931,929.0
1.932,928.0
1.933,929.0
1.934,929.0
1.935,928.0
1.936,928.0
1.937,928.0
1.938,929.0
1.939,929.0
1.94,928.0
1.941,929.0
1.942,928.0
1.943,928.0
1.944,928.0
1.945,928.0
1.946,930.0
1.947,929.0
1.948,929.0
1.949,928.0
1.95,928.0
1.951,928.0
1.952,929.0
1.953,928.0
1.954,930.0
1.955,928.0
1.956,928.0
1.957,929.0
1.958,928.0
1.959,929.0
1.96,928.0
1.961,929.0
1.962,928.0
1.963,929.0
1.964,928.0
1.965,928.0
1.966,929.0
1.967,928.0
1.968,929.0
1.969,928.0
1.97,929.0
1.971,928.0
1.972,929.0
1.973,928.0
1.974,929.0
1.975,929.0
1.976,929.0
1.977,929.0
1.978,928.0
1.979,929.0
1.98,930.0
1.981,928.0
1.982,929.0
1.983,929.0
1.984,928.0
1.985,929.0
1.986,928.0
1.987,928.0
1.988,929.0
1.989,928.0
1.99,930.0
1.991,928.0
1.992,929.0
1.993,930.0
1.994,929.0
1.995,929.0
1.996,929.0
1.997,929.0
1.998,929.0
1.999,928.0
2.0,929.0
2.001,929.0
2.0020000000000002,929.0
2.003,929.0
2.004,929.0
2.005,929.0
2.0060000000000002,928.0
2.007,928.0
2.008,929.0
2.009,928.0
2.0100000000000002,928.0
2.011,929.0
2.012,929.0
2.013,930.0
2.0140000000000002,929.0
2.015,930.0
2.016,929.0
2.017,929.0
2.0180000000000002,929.0
2.019,928.0
2.02,928.0
2.021,930.0
2.0220000000000002,929.0
2.023,929.0
2.024,929.0
2.025,929.0
2.0260000000000002,929.0
2.027,928.0
2.028,928.0
2.029,929.0
2.0300000000000002,930.0
2.031,929.0
2.032,930.0
2.033,929.0
2.0340000000000003,930.0
2.035,928.0
2.036,929.0
2.037,930.0
2.0380000000000003,929.0
2.039,929.0
2.04,929.0
2.041,929.0
2.0420000000000003,929.0
2.043,929.0
2.044,929.0
2.045,929.0
2.0460000000000003,929.0
2.047,929.0
2.048,929.0
2.049,929.0
2.05,928.0
2.051,928.0
2.052,928.0
2.053,929.0
2.054,929.0
2.055,930.0
2.056,929.0
2.057,930.0
2.058,929.0
2.059,929.0
2.06,929.0
2.061,930.0
2.062,929.0
2.063,929.0
2.064,929.0
2.065,929.0
2.066,928.0
2.067,929.0
2.068,929.0
2.069,928.0
2.07,929.0
2.071,929.0
2.072,930.0
2.073,929.0
2.074,929.0
2.075,930.0
2.076,929.0
2.077,929.0
2.078,930.0
2.079,929.0
2.08,930.0
2.081,929.0
2.082,929.0
2.083,930.0
2.084,929.0
2.085,930.0
2.086,929.0
2.087,929.0
2.088,928.0
2.089,929.0
2.09,928.0
2.091,929.0
2.092,929.0
2.093,929.0
2.094,929.0
2.095,929.0
2.096,929.0
2.097,930.0
2.098,929.0
2.099,929.0
2.1,929.0
2.101,929.0
2.102,929.0
2.103,929.0
2.104,929.0
2.105,928.0
2.106,928.0
2.107,930.0
2.108,929.0
2.109,930.0
2.11,929.0
2.111,929.0
2.112,929.0
2.113,929.0
2.114,930.0
2.115,930.0
2.116,929.0
2.117,930.0
2.118,929.0
2.119,929.0
2.12,929.0
2.121,930.0
2.122,930.0
2.123,929.0
2.124,929.0
2.125,930.0
2.126,929.0
2.1270000000000002,930.0
2.128,929.0
2.129,929.0
2.13,929.0
2.1310000000000002,929.0
2.132,929.0
2.133,929.0
2.134,928.0
2.1350000000000002,929.0
2.136,930.0
2.137,930.0
2.138,929.0
2.1390000000000002,930.0
2.14,930.0
2.141,930.0
2.142,929.0
2.1430000000000002,930.0
2.144,929.0
2.145,929.0
2.146,930.0
2.1470000000000002,928.0
2.148,929.0
2.149,929.0
2.15,928.0
2.1510000000000002,929.0
2.152,929.0
2.153,929.0
2.154,930.0
2.1550000000000002,929.0
2.156,930.0
2.157,930.0
2.158,930.0
2.1590000000000003,931.0
2.16,930.0
2.161,930.0
2.162,929.0
2.1630000000000003,929.0
2.164,928.0
2.165,930.0
2.166,929.0
2.1670000000000003,929.0
2.168,929.0
2.169,929.0
2.17,929.0
2.1710000000000003,929.0
2.172,929.0
2.173,929.0
2.174,929.0
2.1750000000000003,929.0
2.176,929.0
2.177,930.0
2.178,930.0
2.179,929.0
2.18,930.0
2.181,929.0
2.182,930.0
2.183,930.0
2.184,930.0
2.185,929.0
2.186,929.0
2.187,930.0
2.188,929.0
2.189,930.0
2.19,929.0
2.191,929.0
2.192,929.0
2.193,929.0
2.194,929.0
2.195,929.0
2.196,930.0
2.197,929.0
2.198,930.0
2.199,929.0
2.2,930.0
2.201,929.0
2.202,931.0
2.203,930.0
2.204,930.0
2.205,929.0
2.206,929.0
2.207,930.0
2.208,929.0
2.209,929.0
2.21,929.0
2.211,929.0
2.212,930.0
2.213,929.0
2.214,929.0
2.215,929.0
2.216,930.0
2.217,929.0
2.218,930.0
2.219,930.0
2.22,930.0
2.221,929.0
2.222,929.0
2.223,931.0
2.224,929.0
2.225,930.0
2.226,929.0
2.227,930.0
2.228,930.0
2.229,929.0
2.23,929.0
2.231,929.0
2.232,928.0
2.233,929.0
2.234,929.0
2.235,929.0
2.236,930.0
2.237,929.0
2.238,929.0
2.239,930.0
2.24,930.0
2.241,930.0
2.242,929.0
2.243,930.0
2.244,929.0
2.245,929.0
2.246,929.0
2.247,930.0
2.248,929.0
2.249,929.0
2.25,929.0
2.251,929.0
2.2520000000000002,929.0
2.253,929.0
2.254,929.0
2.255,929.0
2.2560000000000002,929.0
2.257,929.0
2.258,929.0
2.259,930.0
2.2600000000000002,930.0
2.261,929.0
2.262,930.0
2.263,930.0
2.2640000000000002,930.0
2.265,930.0
2.266,930.0
2.267,930.0
2.2680000000000002,929.0
2.269,930.0
2.27,930.0
2.271,929.0
2.2720000000000002,929.0
2.273,929.0
2.274,929.0
2.275,930.0
2.2760000000000002,930.0
2.277,930.0
2.278,929.0
2.279,930.0
2.2800000000000002,929.0
2.281,930.0
2.282,930.0
2.283,929.0
2.2840000000000003,930.0
2.285,929.0
2.286,931.0
2.287,930.0
2.2880000000000003,929.0
2.289,929.0
2.29,929.0
2.291,929.0
2.2920000000000003,929.0
2.293,930.0
2.294,930.0
2.295,929.0
2.2960000000000003,929.0
2.297,929.0
2.298,930.0
2.299,929.0
2.3000000000000003,929.0
2.301,930.0
2.302,929.0
2.303,930.0
2.3040000000000003,929.0
2.305,929.0
2.306,930.0
2.307,930.0
2.308,929.0
2.309,930.0
2.31,929.0
2.311,930.0
2.312,929.0
2.313,929.0
2.314,929.0
2.315,929.0
2.316,930.0
2.317,929.0
2.318,929.0
2.319,929.0
2.32,929.0
2.321,930.0
2.322,929.0
2.323,930.0
2.324,930.0
2.325,930.0
2.326,930.0
2.327,930.0
2.328,931.0
2.329,929.0
2.33,930.0
2.331,929.0
2.332,930.0
2.333,929.0
2.334,929.0
2.335,929.0
2.336,929.0
2.337,929.0
2.338,929.0
2.339,930.0
2.34,930.0
2.341,930.0
2.342,930.0
2.343,929.0
2.344,929.0
2.345,929.0
2.346,929.0
2.347,930.0
2.348,929.0
2.349,929.0
2.35,929.0
2.351,929.0
2.352,929.0
2.353,929.0
2.354,929.0
2.355,930.0
2.356,931.0
2.357,930.0
2.358,930.0
2.359,929.0
2.36,930.0
2.361,929.0
2.362,930.0
2.363,929.0
2.364,929.0
2.365,929.0
2.366,930.0
2.367,930.0
2.368,930.0
2.369,930.0
2.37,929.0
2.371,930.0
2.372,930.0
2.373,930.0
2.374,929.0
2.375,929.0
2.376,929.0
2.3770000000000002,930.0
2.378,929.0
2.379,929.0
2.38,929.0
2.3810000000000002,929.0
2.382,929.0
2.383,930.0
2.384,930.0
2.3850000000000002,930.0
2.386,929.0
2.387,929.0
2.388,930.0
2.3890000000000002,929.0
2.39,929.0
2.391,930.0
2.392,930.0
2.3930000000000002,930.0
2.394,929.0
2.395,929.0
2.396,929.0
2.3970000000000002,930.0
2.398,929.0
2.399,930.0
2.4,930.0
2.4010000000000002,930.0
2.402,931.0
2.403,930.0
2.404,930.0
2.4050000000000002,930.0
2.406,929.0
2.407,930.0
2.408,930.0
2.4090000000000003,929.0
2.41,930.0
2.411,929.0
2.412,930.0
2.4130000000000003,929.0
2.414,930.0
2.415,929.0
2.416,930.0
2.4170000000000003,929.0
2.418,930.0
2.419,929.0
2.42,929.0
2.4210000000000003,931.0
2.422,929.0
2.423,929.0
2.424,929.0
2.4250000000000003,930.0
2.426,930.0
2.427,929.0
2.428,930.0
2.4290000000000003,930.0
2.43,930.0
2.431,930.0
2.432,929.0
2.433,930.0
2.434,930.0
2.435,929.0
2.436,930.0
2.437,930.0
2.438,930.0
2.439,930.0
2.44,930.0
2.441,930.0
2.442,929.0
2.443,930.0
2.444,930.0
2.445,930.0
2.446,930.0
2.447,929.0
2.448,930.0
2.449,930.0
2.45,929.0
2.451,930.0
2.452,930.0
2.453,930.0
2.454,930.0
2.455,931.0
2.456,929.0
2.457,930.0
2.458,929.0
2.459,929.0
2.46,929.0
2.461,930.0
2.462,930.0
2.463,929.0
2.464,929.0
2.465,931.0
2.466,930.0
2.467,930.0
2.468,931.0
2.469,930.0
2.47,930.0
2.471,930.0
2.472,929.0
2.473,930.0
2.474,930.0
2.475,930.0
2.476,930.0
2.477,930.0
2.478,930.0
2.479,930.0
2.48,929.0
2.481,931.0
2.482,929.0
2.483,929.0
2.484,930.0
2.485,929.0
2.486,929.0
2.487,930.0
2.488,930.0
2.489,931.0
2.49,930.0
2.491,930.0
2.492,929.0
2.493,929.0
2.494,929.0
2.495,929.0
2.496,930.0
2.497,931.0
2.498,930.0
2.499,929.0
2.5,931.0
2.501,929.0
2.5020000000000002,929.0
2.503,929.0
2.504,930.0
2.505,929.0
2.5060000000000002,930.0
2.507,930.0
2.508,930.0
2.509,930.0
2.5100000000000002,930.0
2.511,930.0
2.512,930.0
2.513,930.0
2.5140000000000002,930.0
2.515,930.0
2.516,930.0
2.517,929.0
2.5180000000000002,930.0
2.519,930.0
2.52,929.0
2.521,930.0
2.5220000000000002,929.0
2.523,929.0
2.524,930.0
2.525,930.0
2.5260000000000002,931.0
2.527,930.0
2.528,929.0
2.529,930.0
2.5300000000000002,929.0
2.531,930.0
2.532,930.0
2.533,929.0
2.5340000000000003,930.0
2.535,930.0
2.536,930.0
2.537,930.0
2.5380000000000003,929.0
2.539,929.0
2.54,929.0
2.541,930.0
2.5420000000000003,929.0
2.543,930.0
2.544,929.0
2.545,930.0
2.5460000000000003,931.0
2.547,929.0
2.548,930.0
2.549,931.0
2.5500000000000003,930.0
2.551,930.0
2.552,930.0
2.553,930.0
2.5540000000000003,930.0
2.555,930.0
2.556,930.0
2.557,930.0
2.5580000000000003,929.0
2.559,931.0
2.56,930.0
2.561,930.0
2.562,930.0
2.563,931.0
2.564,930.0
2.565,929.0
2.566,931.0
2.567,929.0
2.568,930.0
2.569,929.0
2.57,930.0
2.571,931.0
2.572,930.0
2.573,930.0
2.574,930.0
2.575,930.0
2.576,930.0
2.577,931.0
2.578,929.0
2.579,930.0
2.58,930.0
2.581,930.0
2.582,929.0
2.583,929.0
2.584,929.0
2.585,930.0
2.586,929.0
2.587,929.0
2.588,930.0
2.589,929.0
2.59,929.0
2.591,931.0
2.592,930.0
2.593,931.0
2.594,931.0
2.595,931.0
2.596,930.0
2.597,930.0
2.598,931.0
2.599,930.0
2.6,930.0
2.601,930.0
2.602,930.0
2.603,930.0
2.604,930.0
2.605,930.0
2.606,930.0
2.607,931.0
2.608,929.0
2.609,929.0
2.61,929.0
2.611,929.0
2.612,930.0
2.613,930.0
2.614,929.0
2.615,931.0
2.616,930.0
2.617,931.0
2.618,929.0
2.619,930.0
2.62,929.0
2.621,930.0
2.622,930.0
2.623,930.0
2.624,930.0
2.625,929.0
2.626,930.0
2.6270000000000002,930.0
2.628,930.0
2.629,929.0
2.63,930.0
2.6310000000000002,930.0
2.632,930.0
2.633,930.0
2.634,929.0
2.6350000000000002,930.0
2.636,930.0
2.637,930.0
2.638,930.0
2.6390000000000002,929.0
2.64,929.0
2.641,930.0
2.642,930.0
2.6430000000000002,930.0
2.644,930.0
2.645,930.0
2.646,930.0
2.6470000000000002,930.0
2.648,929.0
2.649,929.0
2.65,930.0
2.6510000000000002,929.0
2.652,930.0
2.653,930.0
2.654,930.0
2.6550000000000002,930.0
2.656,930.0
2.657,930.0
2.658,930.0
2.6590000000000003,930.0
2.66,929.0
2.661,931.0
2.662,930.0
2.6630000000000003,929.0
2.664,931.0
2.665,929.0
2.666,929.0
2.6670000000000003,930.0
2.668,930.0
2.669,931.0
2.67,929.0
2.6710000000000003,930.0
2.672,930.0
2.673,929.0
2.674,930.0
2.6750000000000003,931.0
2.676,930.0
2.677,930.0
2.678,930.0
2.6790000000000003,930.0
2.68,931.0
2.681,931.0
2.682,930.0
2.6830000000000003,930.0
2.684,930.0
2.685,930.0
2.686,931.0
2.6870000000000003,930.0
2.688,930.0
2.689,930.0
2.69,931.0
2.691,929.0
2.692,929.0
2.693,930.0
2.694,930.0
2.695,929.0
2.696,930.0
2.697,930.0
2.698,930.0
2.699,931.0
2.7,930.0
2.701,931.0
2.702,930.0
2.703,929.0
2.704,930.0
2.705,930.0
2.706,929.0
2.707,931.0
2.708,929.0
2.709,930.0
2.71,930.0
2.711,930.0
2.712,931.0
2.713,931.0
2.714,929.0
2.715,929.0
2.716,930.0
2.717,929.0
2.718,930.0
2.719,930.0
2.72,931.0
2.721,930.0
2.722,930.0
2.723,930.0
2.724,931.0
2.725,930.0
2.726,930.0
2.727,929.0
2.728,929.0
2.729,931.0
2.73,930.0
2.731,930.0
2.732,929.0
2.733,931.0
2.734,930.0
2.735,929.0
2.736,930.0
2.737,930.0
2.738,930.0
2.739,931.0
2.74,931.0
2.741,930.0
2.742,930.0
2.743,930.0
2.744,930.0
2.745,929.0
2.746,930.0
2.747,929.0
2.748,930.0
2.749,930.0
2.75,931.0
2.751,930.0
2.7520000000000002,930.0
2.753,930.0
2.754,930.0
2.755,930.0
2.7560000000000002,930.0
2.757,930.0
2.758,931.0
2.759,930.0
2.7600000000000002,930.0
2.761,930.0
2.762,931.0
2.763,930.0
2.7640000000000002,930.0
2.765,930.0
2.766,930.0
2.767,930.0
2.7680000000000002,931.0
2.769,929.0
2.77,930.0
2.771,930.0
2.7720000000000002,930.0
2.773,930.0
2.774,929.0
2.775,930.0
2.7760000000000002,931.0
2.777,930.0
2.778,930.0
2.779,930.0
2.7800000000000002,930.0
2.781,930.0
2.782,930.0
2.783,930.0
2.7840000000000003,930.0
2.785,930.0
2.786,930.0
2.787,930.0
2.7880000000000003,929.0
2.789,929.0
2.79,930.0
2.791,931.0
2.7920000000000003,929.0
2.793,930.0
2.794,929.0
2.795,930.0
2.7960000000000003,930.0
2.797,930.0
2.798,930.0
2.799,930.0
2.8000000000000003,930.0
2.801,931.0
2.802,930.0
2.803,931.0
2.8040000000000003,931.0
2.805,930.0
2.806,931.0
2.807,930.0
2.8080000000000003,930.0
2.809,929.0
2.81,929.0
2.811,929.0
2.8120000000000003,930.0
2.813,929.0
2.814,930.0
2.815,929.0
2.816,930.0
2.817,930.0
2.818,930.0
2.819,930.0
2.82,930.0
2.821,931.0
2.822,931.0
2.823,930.0
2.824,930.0
2.825,930.0
2.826,930.0
2.827,930.0
2.828,930.0
2.829,930.0
2.83,930.0
2.831,930.0
2.832,930.0
2.833,929.0
2.834,931.0
2.835,930.0
2.836,929.0
2.837,930.0
2.838,930.0
2.839,930.0
2.84,930.0
2.841,929.0
2.842,929.0
2.843,931.0
2.844,930.0
2.845,930.0
2.846,930.0
2.847,929.0
2.848,930.0
2.849,931.0
2.85,930.0
2.851,930.0
2.852,930.0
2.853,930.0
2.854,929.0
2.855,929.0
2.856,929.0
2.857,930.0
2.858,930.0
2.859,930.0
2.86,930.0
2.861,930.0
2.862,931.0
2.863,931.0
2.864,930.0
2.865,931.0
2.866,929.0
2.867,930.0
2.868,930.0
2.869,930.0
2.87,931.0
2.871,930.0
2.872,930.0
2.873,930.0
2.874,929.0
2.875,929.0
2.876,930.0
2.8770000000000002,930.0
2.878,930.0
2.879,929.0
2.88,930.0
2.8810000000000002,930.0
2.882,930.0
2.883,930.0
2.884,930.0
2.8850000000000002,930.0
2.886,931.0
2.887,930.0
2.888,930.0
2.8890000000000002,929.0
2.89,930.0
2.891,929.0
2.892,931.0
2.8930000000000002,930.0
2.894,930.0
2.895,930.0
2.896,930.0
2.8970000000000002,929.0
2.898,930.0
2.899,930.0
2.9,930.0
2.9010000000000002,930.0
2.902,930.0
2.903,929.0
2.904,929.0
2.9050000000000002,930.0
2.906,929.0
2.907,931.0
2.908,930.0
2.9090000000000003,930.0
2.91,929.0
2.911,930.0
2.912,930.0
2.9130000000000003,931.0
2.914,930.0
2.915,931.0
2.916,930.0
2.9170000000000003,930.0
2.918,930.0
2.919,930.0
2.92,929.0
2.9210000000000003,930.0
2.922,930.0
2.923,930.0
2.924,930.0
2.9250000000000003,930.0
2.926,929.0
2.927,931.0
2.928,930.0
2.9290000000000003,930.0
2.93,929.0
2.931,930.0
2.932,930.0
2.9330000000000003,930.0
2.934,930.0
2.935,930.0
2.936,930.0
2.9370000000000003,930.0
2.938,930.0
2.939,931.0
2.94,930.0
2.9410000000000003,931.0
2.942,930.0
2.943,929.0
2.944,930.0
2.945,930.0
2.946,930.0
2.947,930.0
2.948,930.0
2.949,930.0
2.95,930.0
2.951,929.0
2.952,929.0
2.953,930.0
2.954,930.0
2.955,931.0
2.956,930.0
2.957,930.0
2.958,930.0
2.959,930.0
2.96,929.0
2.961,930.0
2.962,930.0
2.963,930.0
2.964,930.0
2.965,930.0
2.966,930.0
2.967,930.0
2.968,931.0
2.969,929.0
2.97,930.0
2.971,930.0
2.972,930.0
2.973,930.0
2.974,930.0
2.975,929.0
2.976,930.0
2.977,930.0
2.978,930.0
2.979,931.0
2.98,929.0
2.981,930.0
2.982,931.0
2.983,929.0
2.984,930.0
2.985,930.0
2.986,930.0
2.987,930.0
2.988,931.0
2.989,930.0
2.99,930.0
2.991,930.0
2.992,929.0
2.993,930.0
2.994,931.0
2.995,931.0
2.996,930.0
2.997,930.0
2.998,930.0
2.999,930.0
3.0,930.0
3.001,930.0
3.0020000000000002,930.0
3.003,930.0
3.004,930.0
3.005,931.0
3.0060000000000002,931.0
3.007,930.0
3.008,930.0
3.009,931.0
3.0100000000000002,931.0
3.011,930.0
3.012,930.0
3.013,930.0
3.0140000000000002,930.0
3.015,930.0
3.016,931.0
3.017,931.0
3.0180000000000002,931.0
3.019,931.0
3.02,931.0
3.021,931.0
3.0220000000000002,930.0
3.023,930.0
3.024,931.0
3.025,930.0
3.0260000000000002,930.0
3.027,931.0
3.028,930.0
3.029,931.0
3.0300000000000002,931.0
3.031,930.0
3.032,930.0
3.033,930.0
3.0340000000000003,930.0
3.035,929.0
3.036,930.0
3.037,930.0
3.0380000000000003,930.0
3.039,931.0
3.04,930.0
3.041,931.0
3.0420000000000003,930.0
3.043,931.0
3.044,930.0
3.045,930.0
3.0460000000000003,932.0
3.047,930.0
3.048,932.0
3.049,930.0
3.0500000000000003,930.0
3.051,931.0
3.052,930.0
3.053,930.0
3.0540000000000003,930.0
3.055,931.0
3.056,931.0
3.057,931.0
3.0580000000000003,930.0
3.059,931.0
3.06,931.0
3.061,932.0
3.0620000000000003,931.0
3.063,930.0
3.064,930.0
3.065,930.0
3.0660000000000003,931.0
3.067,930.0
3.068,930.0
3.069,930.0
3.0700000000000003,932.0
3.071,930.0
3.072,930.0
3.073,930.0
3.074,930.0
3.075,930.0
3.076,930.0
3.077,931.0
3.078,930.0
3.079,931.0
3.08,931.0
3.081,930.0
3.082,931.0
3.083,932.0
3.084,931.0
3.085,931.0
3.086,930.0
3.087,930.0
3.088,931.0
3.089,931.0
3.09,930.0
3.091,930.0
3.092,930.0
3.093,930.0
3.094,931.0
3.095,930.0
3.096,930.0
3.097,930.0
3.098,932.0
3.099,930.0
3.1,931.0
3.101,931.0
3.102,931.0
3.103,931.0
3.104,931.0
3.105,930.0
3.106,930.0
3.107,931.0
3.108,930.0
3.109,930.0
3.11,930.0
3.111,930.0
3.112,930.0
3.113,931.0
3.114,930.0
3.115,930.0
3.116,931.0
3.117,931.0
3.118,930.0
3.119,932.0
3.12,930.0
3.121,931.0
3.122,930.0
3.123,931.0
3.124,931.0
3.125,931.0
3.126,931.0
3.1270000000000002,931.0
3.128,931.0
3.129,931.0
3.13,931.0
3.1310000000000002,931.0
3.132,930.0
3.133,930.0
3.134,930.0
3.1350000000000002,931.0
3.136,931.0
3.137,930.0
3.138,931.0
3.1390000000000002,930.0
3.14,931.0
3.141,932.0
3.142,931.0
3.1430000000000002,930.0
3.144,930.0
3.145,930.0
3.146,931.0
3.1470000000000002,932.0
3.148,931.0
3.149,930.0
3.15,930.0
3.1510000000000002,930.0
3.152,930.0
3.153,930.0
3.154,930.0
3.1550000000000002,930.0
3.156,931.0
3.157,931.0
3.158,931.0
3.1590000000000003,932.0
3.16,930.0
3.161,930.0
3.162,930.0
3.1630000000000003,931.0
3.164,931.0
3.165,931.0
3.166,931.0
3.1670000000000003,931.0
3.168,930.0
3.169,930.0
3.17,930.0
3.1710000000000003,932.0
3.172,931.0
3.173,931.0
3.174,930.0
3.1750000000000003,931.0
3.176,930.0
3.177,930.0
3.178,930.0
3.1790000000000003,930.0
3.18,931.0
3.181,931.0
3.182,930.0
3.1830000000000003,930.0
3.184,931.0
3.185,930.0
3.186,931.0
3.1870000000000003,930.0
3.188,930.0
3.189,930.0
3.19,931.0
3.1910000000000003,930.0
3.192,930.0
3.193,930.0
3.194,931.0
3.1950000000000003,930.0
3.196,931.0
3.197,932.0
3.198,930.0
3.1990000000000003,930.0
3.2,931.0
3.201,930.0
3.202,930.0
3.203,931.0
3.204,930.0
3.205,930.0
3.206,931.0
3.207,931.0
3.208,930.0
3.209,931.0
3.21,930.0
3.211,930.0
3.212,931.0
3.213,931.0
3.214,931.0
3.215,930.0
3.216,931.0
3.217,931.0
3.218,930.0
3.219,930.0
3.22,930.0
3.221,930.0
3.222,930.0
3.223,931.0
